player,FG_URL,position,fangraphs_id,mlbam_id,franchise_abbr,HTD
Fernando Abad ,https://www.fangraphs.com/players/Fernando-Abad/4994/stats,P,4994,472551,CHW,0
Albert Abreu ,https://www.fangraphs.com/players/Albert-Abreu/17485/stats,P,17485,656061,CHC,2
Domingo Acevedo ,https://www.fangraphs.com/players/Domingo-Acevedo/17092/stats,P,17092,642758,CHC,1
Ehire Adrianza ,https://www.fangraphs.com/players/Ehire-Adrianza/8418/stats,2B,8418,501303,NYY,0
Jesus Aguilar ,https://www.fangraphs.com/players/Jesus-Aguilar/11342/stats,1B,11342,542583,MIL,2
Hanser Alberto ,https://www.fangraphs.com/players/Hanser-Alberto/11902/stats,SS,11902,593643,COL,1
Jorge Alcala ,https://www.fangraphs.com/players/Jorge-Alcala/19459/stats,P,19459,660896,LAD,2
Scott Alexander ,https://www.fangraphs.com/players/Scott-Alexander/10591/stats,P,10591,518397,TOR,1
Jorge Alfaro ,https://www.fangraphs.com/players/Jorge-Alfaro/12180/stats,C,12180,595751,NYM,0
Abraham Almonte ,https://www.fangraphs.com/players/Abraham-Almonte/5486/stats,CF,5486,501659,MIL,2
Daniel Altavilla ,https://www.fangraphs.com/players/Daniel-Altavilla/16507/stats,P,16507,656186,ATL,1
Jose Alvarado ,https://www.fangraphs.com/players/Jose-Alvarado/17780/stats,P,17780,621237,TOR,1
Eddy Alvarez ,https://www.fangraphs.com/players/Eddy-Alvarez/16959/stats,2B,16959,657193,BAL,1
Chase Anderson ,https://www.fangraphs.com/players/Chase-Anderson/6895/stats,P,6895,502624,KC,0
Grant Anderson ,https://www.fangraphs.com/players/Grant-Anderson/20546/stats,P,20546,681982,CHW,2
Justin Anderson ,https://www.fangraphs.com/players/Justin-Anderson/16201/stats,P,16201,605121,COL,1
Shaun Anderson ,https://www.fangraphs.com/players/Shaun-Anderson/19453/stats,P,19453,641312,STL,2
Matt Andriese ,https://www.fangraphs.com/players/Matt-Andriese/12022/stats,P,12022,542882,KC,0
Elvis Andrus ,https://www.fangraphs.com/players/Elvis-Andrus/8709/stats,SS,8709,462101,DET,2
Anthony Banda ,https://www.fangraphs.com/players/Anthony-Banda/14706/stats,P,14706,607455,BAL,0
Tanner Banks ,https://www.fangraphs.com/players/Tanner-Banks/16990/stats,P,16990,621383,OAK,1
Daniel Bard ,https://www.fangraphs.com/players/Daniel-Bard/7115/stats,P,7115,453268,HOU,1
Scott Barlow ,https://www.fangraphs.com/players/Scott-Barlow/14993/stats,P,14993,605130,TB,2
Austin Barnes ,https://www.fangraphs.com/players/Austin-Barnes/12158/stats,C,12158,605131,DET,0
Jacob Barnes ,https://www.fangraphs.com/players/Jacob-Barnes/12323/stats,P,12323,606930,LAD,1
Matt Barnes ,https://www.fangraphs.com/players/Matt-Barnes/12863/stats,P,12863,598264,MIA,2
Tucker Barnhart ,https://www.fangraphs.com/players/Tucker-Barnhart/10200/stats,C,10200,571466,LAA,1
Kyle Barraclough ,https://www.fangraphs.com/players/Kyle-Barraclough/13713/stats,P,13713,607457,MIL,0
Tres Barrera ,https://www.fangraphs.com/players/Tres-Barrera/19977/stats,C,19977,668663,OAK,2
Anthony Bass ,https://www.fangraphs.com/players/Anthony-Bass/7982/stats,P,7982,542914,TOR,0
Chris Bassitt ,https://www.fangraphs.com/players/Chris-Bassitt/12304/stats,P,12304,605135,LAD,0
Matthew Batten ,https://www.fangraphs.com/players/Matthew-Batten/20157/stats,2B,20157,676946,COL,1
Eduard Bazardo ,https://www.fangraphs.com/players/Eduard-Bazardo/20997/stats,P,20997,660825,PIT,2
Valente Bellozo ,https://www.fangraphs.com/players/Valente-Bellozo/23899/stats,P,23899,678368,MIN,2
Brandon Belt ,https://www.fangraphs.com/players/Brandon-Belt/10264/stats,1B,10264,474832,SD,1
Anthony Bemboom ,https://www.fangraphs.com/players/Anthony-Bemboom/13854/stats,C,13854,621532,LAA,0
Jon Berti ,https://www.fangraphs.com/players/Jon-Berti/12037/stats,2B,12037,542932,NYM,1
Christian Bethancourt ,https://www.fangraphs.com/players/Christian-Bethancourt/10028/stats,C,10028,542194,CLE,1
Phil Bickford ,https://www.fangraphs.com/players/Phil-Bickford/18519/stats,P,18519,641360,MIN,1
Osvaldo Bido ,https://www.fangraphs.com/players/Osvaldo-Bido/23150/stats,P,23150,674370,ATL,2
Jake Bird ,https://www.fangraphs.com/players/Jake-Bird/21267/stats,P,21267,656234,PIT,2
Ty Blach ,https://www.fangraphs.com/players/Ty-Blach/14361/stats,P,14361,621389,OAK,1
Charlie Blackmon ,https://www.fangraphs.com/players/Charlie-Blackmon/7859/stats,RF,7859,453568,CHW,1
Richard Bleier ,https://www.fangraphs.com/players/Richard-Bleier/7803/stats,P,7803,542947,CIN,1
David Bote ,https://www.fangraphs.com/players/David-Bote/14593/stats,2B,14593,623520,KC,2
Matthew Bowman ,https://www.fangraphs.com/players/Matthew-Bowman/13528/stats,P,13528,621199,ARI,1
Brad Boxberger ,https://www.fangraphs.com/players/Brad-Boxberger/10133/stats,P,10133,502202,MIN,1
Matt Boyd ,https://www.fangraphs.com/players/Matt-Boyd/15440/stats,P,15440,571510,PHI,1
Silvino Bracho ,https://www.fangraphs.com/players/Silvino-Bracho/15051/stats,P,15051,611093,LAA,0
Archie Bradley ,https://www.fangraphs.com/players/Archie-Bradley/12918/stats,P,12918,605151,MIN,2
Jackie Bradley Jr. ,https://www.fangraphs.com/players/Jackie-Bradley-Jr./12984/stats,CF,12984,598265,MIN,1
Michael Brantley ,https://www.fangraphs.com/players/Michael-Brantley/4106/stats,LF,4106,488726,CIN,1
Huascar Brazoban ,https://www.fangraphs.com/players/Huascar-Brazoban/6107/stats,P,6107,623211,KC,1
John Brebbia ,https://www.fangraphs.com/players/John-Brebbia/12777/stats,P,12777,605154,BAL,1
Colten Brewer ,https://www.fangraphs.com/players/Colten-Brewer/12997/stats,P,12997,605155,CLE,1
Jeff Brigham ,https://www.fangraphs.com/players/Jeff-Brigham/16631/stats,P,16631,656257,CHC,1
Aaron Brooks ,https://www.fangraphs.com/players/Aaron-Brooks/12272/stats,P,12272,605156,LAA,0
David Buchanan ,https://www.fangraphs.com/players/David-Buchanan/11176/stats,P,11176,571527,PHI,1
Madison Bumgarner ,https://www.fangraphs.com/players/Madison-Bumgarner/5524/stats,P,5524,518516,HOU,0
Alan Busenitz ,https://www.fangraphs.com/players/Alan-Busenitz/15239/stats,P,15239,641427,ATL,2
Matt Bush ,https://www.fangraphs.com/players/Matt-Bush/1246/stats,P,1246,456713,LAD,1
Miguel Cabrera ,https://www.fangraphs.com/players/Miguel-Cabrera/1744/stats,1B,1744,408234,ARI,2
Kole Calhoun ,https://www.fangraphs.com/players/Kole-Calhoun/11200/stats,RF,11200,594777,SEA,2
Willie Calhoun ,https://www.fangraphs.com/players/Willie-Calhoun/17838/stats,LF,17838,641432,DET,0
Johan Camargo ,https://www.fangraphs.com/players/Johan-Camargo/14950/stats,SS,14950,622666,BOS,1
Jeimer Candelario ,https://www.fangraphs.com/players/Jeimer-Candelario/13621/stats,3B,13621,600869,CHW,2
Mark Canha ,https://www.fangraphs.com/players/Mark-Canha/11445/stats,CF,11445,592192,SD,0
Matthew Carasiti ,https://www.fangraphs.com/players/Matthew-Carasiti/13276/stats,P,13276,571539,LAA,1
Victor Caratini ,https://www.fangraphs.com/players/Victor-Caratini/14968/stats,C,14968,605170,ATL,2
Matt Carpenter ,https://www.fangraphs.com/players/Matt-Carpenter/8090/stats,3B,8090,572761,CLE,2
Carlos Carrasco ,https://www.fangraphs.com/players/Carlos-Carrasco/6632/stats,P,6632,471911,LAA,2
Curt Casali ,https://www.fangraphs.com/players/Curt-Casali/12510/stats,C,12510,592200,COL,2
Daniel Castano ,https://www.fangraphs.com/players/Daniel-Castano/19805/stats,P,19805,641447,BAL,1
Humberto Castellanos ,https://www.fangraphs.com/players/Humberto-Castellanos/21183/stats,P,21183,528748,LAA,2
Nick Castellanos ,https://www.fangraphs.com/players/Nick-Castellanos/11737/stats,3B,11737,592206,TB,1
Diego Castillo ,https://www.fangraphs.com/players/Diego-Castillo/17496/stats,P,17496,650895,CLE,0
Harold Castro ,https://www.fangraphs.com/players/Harold-Castro/14691/stats,2B,14691,605612,SEA,0
Jake Cave ,https://www.fangraphs.com/players/Jake-Cave/14477/stats,CF,14477,595909,LAA,0
Luis Cessa ,https://www.fangraphs.com/players/Luis-Cessa/13345/stats,P,13345,570666,NYY,0
Andrew Chafin ,https://www.fangraphs.com/players/Andrew-Chafin/12988/stats,P,12988,605177,NYM,2
Aroldis Chapman ,https://www.fangraphs.com/players/Aroldis-Chapman/10233/stats,P,10233,547973,DET,1
Matt Chapman ,https://www.fangraphs.com/players/Matt-Chapman/16505/stats,3B,16505,656305,MIA,1
JT Chargois ,https://www.fangraphs.com/players/JT-Chargois/13767/stats,P,13767,608638,COL,1
Jesse Chavez ,https://www.fangraphs.com/players/Jesse-Chavez/5448/stats,P,5448,445926,ATL,1
Michael Chavis ,https://www.fangraphs.com/players/Michael-Chavis/17321/stats,2B,17321,656308,STL,2
Yonny Chirinos ,https://www.fangraphs.com/players/Yonny-Chirinos/16401/stats,P,16401,630023,PHI,2
Ji-Man Choi ,https://www.fangraphs.com/players/Ji-Man-Choi/5452/stats,1B,5452,596847,TOR,1
Jose Cisnero ,https://www.fangraphs.com/players/Jose-Cisnero/6399/stats,P,6399,542585,HOU,2
Alex Claudio ,https://www.fangraphs.com/players/Alex-Claudio/12890/stats,P,12890,592222,HOU,0
Garrett Cleavinger ,https://www.fangraphs.com/players/Garrett-Cleavinger/17897/stats,P,17897,664076,SD,0
Alex Cobb ,https://www.fangraphs.com/players/Alex-Cobb/6562/stats,P,6562,502171,TEX,2
Alex Colome ,https://www.fangraphs.com/players/Alex-Colome/6661/stats,P,6661,517008,MIA,2
Willson Contreras ,https://www.fangraphs.com/players/Willson-Contreras/11609/stats,C,11609,575929,HOU,0
Patrick Corbin ,https://www.fangraphs.com/players/Patrick-Corbin/9323/stats,P,9323,571578,MIL,2
Franchy Cordero ,https://www.fangraphs.com/players/Franchy-Cordero/14567/stats,CF,14567,614173,SF,1
Jimmy Cordero ,https://www.fangraphs.com/players/Jimmy-Cordero/15690/stats,P,15690,622772,KC,1
Carlos Correa ,https://www.fangraphs.com/players/Carlos-Correa/14162/stats,SS,14162,621043,LAD,0
Thomas Cosgrove ,https://www.fangraphs.com/players/Thomas-Cosgrove/23443/stats,P,23443,676680,NYM,1
Brandon Crawford ,https://www.fangraphs.com/players/Brandon-Crawford/5343/stats,SS,5343,543063,CIN,1
Cooper Criswell ,https://www.fangraphs.com/players/Cooper-Criswell/24975/stats,P,24975,681867,BOS,2
Declan Cronin ,https://www.fangraphs.com/players/Declan-Cronin/25645/stats,P,25645,686539,MIA,1
Wil Crowe ,https://www.fangraphs.com/players/Wil-Crowe/19800/stats,P,19800,640444,LAD,2
Nelson Cruz ,https://www.fangraphs.com/players/Nelson-Cruz/2434/stats,RF,2434,443558,BAL,0
Jose Cuas ,https://www.fangraphs.com/players/Jose-Cuas/17701/stats,P,17701,621016,TEX,1
Johnny Cueto ,https://www.fangraphs.com/players/Johnny-Cueto/6893/stats,P,6893,456501,SEA,0
Charlie Culberson ,https://www.fangraphs.com/players/Charlie-Culberson/3298/stats,3B,3298,518586,CIN,1
John Curtiss ,https://www.fangraphs.com/players/John-Curtiss/16128/stats,P,16128,595928,LAA,1
David Dahl ,https://www.fangraphs.com/players/David-Dahl/13744/stats,CF,13744,621311,BAL,1
Travis d'Arnaud ,https://www.fangraphs.com/players/Travis-d'Arnaud/7739/stats,C,7739,518595,MIN,0
Zach Davies ,https://www.fangraphs.com/players/Zach-Davies/13183/stats,P,13183,605200,SEA,1
Jonathan Davis ,https://www.fangraphs.com/players/Jonathan-Davis/15104/stats,CF,15104,641505,LAA,1
Brett de Geus ,https://www.fangraphs.com/players/Brett-de-Geus/23592/stats,P,23592,676969,BOS,1
Paul Dejong ,https://www.fangraphs.com/players/Paul-Dejong/18015/stats,3B,18015,657557,CIN,1
Chase De Jong ,https://www.fangraphs.com/players/Chase-De-Jong/15036/stats,P,15036,608328,CLE,1
Jason Delay ,https://www.fangraphs.com/players/Jason-Delay/19806/stats,C,19806,641511,NYM,1
Jose De Leon ,https://www.fangraphs.com/players/Jose-De-Leon/15463/stats,P,15463,592254,LAD,1
Anthony DeSclafani ,https://www.fangraphs.com/players/Anthony-DeSclafani/13050/stats,P,13050,543101,PIT,1
Chris Devenski ,https://www.fangraphs.com/players/Chris-Devenski/12763/stats,P,12763,606965,MIA,2
Aledmys Diaz ,https://www.fangraphs.com/players/Aledmys-Diaz/15937/stats,SS,15937,649557,TOR,0
Corey Dickerson ,https://www.fangraphs.com/players/Corey-Dickerson/10762/stats,LF,10762,572816,CHC,2
Brandon Dixon ,https://www.fangraphs.com/players/Brandon-Dixon/15214/stats,2B,15214,641525,CHC,1
Seranthony Dominguez ,https://www.fangraphs.com/players/Seranthony-Dominguez/19249/stats,P,19249,622554,ARI,0
Josh Donaldson ,https://www.fangraphs.com/players/Josh-Donaldson/5038/stats,3B,5038,518626,ARI,2
Hunter Dozier ,https://www.fangraphs.com/players/Hunter-Dozier/15117/stats,3B,15117,641531,ARI,1
Brandon Drury ,https://www.fangraphs.com/players/Brandon-Drury/11615/stats,3B,11615,592273,BOS,2
Tyler Duffey ,https://www.fangraphs.com/players/Tyler-Duffey/13758/stats,P,13758,608648,ATL,2
Matt Duffy ,https://www.fangraphs.com/players/Matt-Duffy/13836/stats,SS,13836,622110,TOR,1
C.J. Edwards ,https://www.fangraphs.com/players/C.J.-Edwards/13607/stats,P,13607,605218,BAL,2
Zach Eflin ,https://www.fangraphs.com/players/Zach-Eflin/13774/stats,P,13774,621107,TEX,2
Adam Engel ,https://www.fangraphs.com/players/Adam-Engel/15082/stats,CF,15082,641553,LAA,2
Eduardo Escobar ,https://www.fangraphs.com/players/Eduardo-Escobar/6153/stats,SS,6153,500871,TB,2
Paolo Espino ,https://www.fangraphs.com/players/Paolo-Espino/8246/stats,P,8246,502179,CHW,1
Jeurys Familia ,https://www.fangraphs.com/players/Jeurys-Familia/5114/stats,P,5114,544727,COL,1
Jacob Faria ,https://www.fangraphs.com/players/Jacob-Faria/13699/stats,P,13699,607188,SD,1
Buck Farmer ,https://www.fangraphs.com/players/Buck-Farmer/14814/stats,P,14814,571656,BOS,2
Kyle Farmer ,https://www.fangraphs.com/players/Kyle-Farmer/14813/stats,C,14813,571657,MIL,1
Calvin Faucher ,https://www.fangraphs.com/players/Calvin-Faucher/20116/stats,P,20116,676534,TEX,2
Tyler Ferguson ,https://www.fangraphs.com/players/Tyler-Ferguson/19481/stats,P,19481,621053,KC,2
Ryan Fernandez ,https://www.fangraphs.com/players/Ryan-Fernandez/24862/stats,P,24862,681676,WAS,1
Jose Ferrer ,https://www.fangraphs.com/players/Jose-Ferrer/24017/stats,P,24017,678606,TB,2
Wilmer Flores ,https://www.fangraphs.com/players/Wilmer-Flores/5827/stats,SS,5827,527038,ATL,2
Dylan Floro ,https://www.fangraphs.com/players/Dylan-Floro/13394/stats,P,13394,571670,DET,1
Matt Foster ,https://www.fangraphs.com/players/Matt-Foster/19647/stats,P,19647,641582,ARI,2
Adam Frazier ,https://www.fangraphs.com/players/Adam-Frazier/15223/stats,SS,15223,624428,NYY,1
David Fry ,https://www.fangraphs.com/players/David-Fry/24934/stats,C,24934,681807,KC,2
Carson Fulmer ,https://www.fangraphs.com/players/Carson-Fulmer/18311/stats,P,18311,608334,NYY,2
Cameron Gallagher ,https://www.fangraphs.com/players/Cameron-Gallagher/12981/stats,C,12981,595956,CHC,2
Benjamin Gamel ,https://www.fangraphs.com/players/Benjamin-Gamel/12160/stats,LF,12160,592325,MIN,2
Luis Garcia ,https://www.fangraphs.com/players/Luis-Garcia/6984/stats,P,6984,472610,HOU,2
Robert Garcia ,https://www.fangraphs.com/players/Robert-Garcia/23363/stats,P,23363,676395,CHC,2
Yimi Garcia ,https://www.fangraphs.com/players/Yimi-Garcia/12095/stats,P,12095,554340,BOS,0
Kyle Garlick ,https://www.fangraphs.com/players/Kyle-Garlick/18063/stats,CF,18063,664247,CLE,2
Amir Garrett ,https://www.fangraphs.com/players/Amir-Garrett/14375/stats,P,14375,607237,BOS,1
Reed Garrett ,https://www.fangraphs.com/players/Reed-Garrett/16866/stats,P,16866,657585,MIA,2
Domingo German ,https://www.fangraphs.com/players/Domingo-German/17149/stats,P,17149,593334,NYY,1
Ian Gibaut ,https://www.fangraphs.com/players/Ian-Gibaut/17871/stats,P,17871,664139,BAL,0
Kyle Gibson ,https://www.fangraphs.com/players/Kyle-Gibson/10123/stats,P,10123,502043,HOU,0
Tyler Gilbert ,https://www.fangraphs.com/players/Tyler-Gilbert/17964/stats,P,17964,656457,NYY,2
Mychal Givens ,https://www.fangraphs.com/players/Mychal-Givens/10430/stats,P,10430,571710,MIN,1
Tyler Glasnow ,https://www.fangraphs.com/players/Tyler-Glasnow/14374/stats,P,14374,607192,OAK,1
Yan Gomes ,https://www.fangraphs.com/players/Yan-Gomes/9627/stats,C,9627,543228,MIL,1
Marco Gonzales ,https://www.fangraphs.com/players/Marco-Gonzales/15467/stats,P,15467,594835,CHW,1
Chi Gonzalez ,https://www.fangraphs.com/players/Chi-Gonzalez/14663/stats,P,14663,592346,TB,0
Romy Gonzalez ,https://www.fangraphs.com/players/Romy-Gonzalez/21562/stats,SS,21562,663853,NYY,0
Niko Goodrum ,https://www.fangraphs.com/players/Niko-Goodrum/12092/stats,3B,12092,592348,MIA,0
Anthony Gose ,https://www.fangraphs.com/players/Anthony-Gose/5097/stats,P,5097,543238,BOS,2
Trevor Gott ,https://www.fangraphs.com/players/Trevor-Gott/15046/stats,P,15046,641627,NYM,1
Kendall Graveman ,https://www.fangraphs.com/players/Kendall-Graveman/15514/stats,P,15514,608665,ATL,0
Jon Gray ,https://www.fangraphs.com/players/Jon-Gray/14916/stats,P,14916,592351,HOU,1
Shane Greene ,https://www.fangraphs.com/players/Shane-Greene/10756/stats,P,10756,572888,STL,2
Zack Greinke ,https://www.fangraphs.com/players/Zack-Greinke/1943/stats,P,1943,425844,PHI,2
Randal Grichuk ,https://www.fangraphs.com/players/Randal-Grichuk/10243/stats,LF,10243,545341,MIL,2
Robbie Grossman ,https://www.fangraphs.com/players/Robbie-Grossman/5254/stats,LF,5254,543257,BAL,0
Yulieski Gurriel ,https://www.fangraphs.com/players/Yulieski-Gurriel/19198/stats,3B,19198,493329,MIL,2
Eric Haase ,https://www.fangraphs.com/players/Eric-Haase/14111/stats,C,14111,606992,COL,0
Sam Haggerty ,https://www.fangraphs.com/players/Sam-Haggerty/18054/stats,2B,18054,664059,CHC,0
Billy Hamilton ,https://www.fangraphs.com/players/Billy-Hamilton/10199/stats,CF,10199,571740,TOR,0
Brad Hand ,https://www.fangraphs.com/players/Brad-Hand/9111/stats,P,9111,543272,WAS,0
Mitch Haniger ,https://www.fangraphs.com/players/Mitch-Haniger/14274/stats,RF,14274,571745,TB,1
Ian Happ ,https://www.fangraphs.com/players/Ian-Happ/17919/stats,CF,17919,664023,DET,2
Josh Harrison ,https://www.fangraphs.com/players/Josh-Harrison/8202/stats,3B,8202,543281,ATL,2
Geoff Hartlieb ,https://www.fangraphs.com/players/Geoff-Hartlieb/19558/stats,P,19558,664129,OAK,2
Andrew Heaney ,https://www.fangraphs.com/players/Andrew-Heaney/15423/stats,P,15423,571760,TB,1
Tyler Heineman ,https://www.fangraphs.com/players/Tyler-Heineman/13897/stats,C,13897,623168,CIN,0
Ben Heller ,https://www.fangraphs.com/players/Ben-Heller/15100/stats,P,15100,621294,PHI,1
Heath Hembree ,https://www.fangraphs.com/players/Heath-Hembree/11632/stats,P,11632,592390,MIA,2
Enrique Hernandez ,https://www.fangraphs.com/players/Enrique-Hernandez/10472/stats,2B,10472,571771,TEX,2
Jose Hernandez ,https://www.fangraphs.com/players/Jose-Hernandez/22318/stats,P,22318,669796,PIT,0
Teoscar Hernandez ,https://www.fangraphs.com/players/Teoscar-Hernandez/13066/stats,CF,13066,606192,SF,1
Tim Herrin ,https://www.fangraphs.com/players/Tim-Herrin/25139/stats,P,25139,682120,CHC,2
Jason Heyward ,https://www.fangraphs.com/players/Jason-Heyward/4940/stats,RF,4940,518792,ARI,1
Aaron Hicks ,https://www.fangraphs.com/players/Aaron-Hicks/5297/stats,CF,5297,543305,CHC,0
Garrett Hill ,https://www.fangraphs.com/players/Garrett-Hill/25097/stats,P,25097,682051,NYY,1
Rich Hill ,https://www.fangraphs.com/players/Rich-Hill/4806/stats,P,4806,448179,ARI,0
Timothy Hill ,https://www.fangraphs.com/players/Timothy-Hill/16814/stats,P,16814,657612,BAL,0
Sam Hilliard ,https://www.fangraphs.com/players/Sam-Hilliard/17954/stats,CF,17954,656541,ATL,0
Bryan Hoeing ,https://www.fangraphs.com/players/Bryan-Hoeing/26304/stats,P,26304,663773,TB,2
Rhys Hoskins ,https://www.fangraphs.com/players/Rhys-Hoskins/16472/stats,1B,16472,656555,STL,0
Daniel Hudson ,https://www.fangraphs.com/players/Daniel-Hudson/7146/stats,P,7146,543339,LAD,2
Tommy Hunter ,https://www.fangraphs.com/players/Tommy-Hunter/1157/stats,P,1157,488984,SD,0
Jose Iglesias ,https://www.fangraphs.com/players/Jose-Iglesias/10231/stats,SS,10231,578428,KC,2
Raisel Iglesias ,https://www.fangraphs.com/players/Raisel-Iglesias/17130/stats,P,17130,628452,WAS,0
Jay Jackson ,https://www.fangraphs.com/players/Jay-Jackson/7432/stats,P,7432,543351,PIT,2
Zach Jackson ,https://www.fangraphs.com/players/Zach-Jackson/19493/stats,P,19493,667427,MIL,1
Travis Jankowski ,https://www.fangraphs.com/players/Travis-Jankowski/13768/stats,CF,13768,608671,HOU,2
Corey Julks ,https://www.fangraphs.com/players/Corey-Julks/20311/stats,OF,20311,667452,TOR,1
Brad Keller ,https://www.fangraphs.com/players/Brad-Keller/15734/stats,P,15734,641745,ARI,0
Trevor Kelley ,https://www.fangraphs.com/players/Trevor-Kelley/18454/stats,P,18454,665001,MIN,1
Joe Kelly ,https://www.fangraphs.com/players/Joe-Kelly/9761/stats,P,9761,523260,PIT,2
Michael Kelly ,https://www.fangraphs.com/players/Michael-Kelly/12791/stats,P,12791,547184,PIT,1
Zack Kelly ,https://www.fangraphs.com/players/Zack-Kelly/20349/stats,P,20349,677161,PHI,1
Tony Kemp ,https://www.fangraphs.com/players/Tony-Kemp/14894/stats,2B,14894,643393,PIT,1
Ian Kennedy ,https://www.fangraphs.com/players/Ian-Kennedy/6986/stats,P,6986,453178,BAL,1
Ray Kerr ,https://www.fangraphs.com/players/Ray-Kerr/23809/stats,P,23809,678061,TOR,2
Clayton Kershaw ,https://www.fangraphs.com/players/Clayton-Kershaw/2036/stats,P,2036,477132,OAK,2
Dallas Keuchel ,https://www.fangraphs.com/players/Dallas-Keuchel/9434/stats,P,9434,572971,DET,0
Kevin Kiermaier ,https://www.fangraphs.com/players/Kevin-Kiermaier/11038/stats,CF,11038,595281,MIL,2
Yusei Kikuchi ,https://www.fangraphs.com/players/Yusei-Kikuchi/20633/stats,P,20633,579328,DET,0
Tyler Kinley ,https://www.fangraphs.com/players/Tyler-Kinley/18297/stats,P,18297,641755,TB,2
Corey Kluber ,https://www.fangraphs.com/players/Corey-Kluber/2429/stats,P,2429,446372,TOR,2
Andrew Knapp ,https://www.fangraphs.com/players/Andrew-Knapp/14942/stats,C,14942,595284,BOS,0
Matt Koch ,https://www.fangraphs.com/players/Matt-Koch/13420/stats,P,13420,571863,WAS,1
Jared Koenig ,https://www.fangraphs.com/players/Jared-Koenig/27517/stats,P,27517,657649,TOR,2
Adam Kolarek ,https://www.fangraphs.com/players/Adam-Kolarek/10843/stats,P,10843,592473,NYM,1
Joey Krehbiel ,https://www.fangraphs.com/players/Joey-Krehbiel/13707/stats,P,13707,607216,BAL,1
Chad Kuhl ,https://www.fangraphs.com/players/Chad-Kuhl/14975/stats,P,14975,641771,WAS,0
Jake Lamb ,https://www.fangraphs.com/players/Jake-Lamb/13329/stats,3B,13329,571875,KC,0
Jimmy Lambert ,https://www.fangraphs.com/players/Jimmy-Lambert/19541/stats,P,19541,669424,MIN,0
Dinelson Lamet ,https://www.fangraphs.com/players/Dinelson-Lamet/17186/stats,P,17186,659275,PIT,0
Joe LaSorsa ,https://www.fangraphs.com/players/Joe-LaSorsa/25481/stats,P,25481,686747,KC,0
Tommy La Stella ,https://www.fangraphs.com/players/Tommy-La-Stella/12371/stats,2B,12371,600303,TB,0
Jake Latz ,https://www.fangraphs.com/players/Jake-Latz/21306/stats,P,21306,656641,LAA,1
Ramon Laureano ,https://www.fangraphs.com/players/Ramon-Laureano/17128/stats,CF,17128,657656,NYY,1
Derek Law ,https://www.fangraphs.com/players/Derek-Law/13133/stats,P,13133,571882,TEX,2
Casey Lawrence ,https://www.fangraphs.com/players/Casey-Lawrence/11121/stats,P,11121,596271,NYY,0
Kyle Leahy ,https://www.fangraphs.com/players/Kyle-Leahy/24763/stats,P,24763,681517,BAL,1
Charles Leblanc ,https://www.fangraphs.com/players/Charles-Leblanc/19813/stats,3B,19813,641779,MIL,0
Mark Leiter ,https://www.fangraphs.com/players/Mark-Leiter/15551/stats,P,15551,643410,HOU,2
D.J. LeMahieu ,https://www.fangraphs.com/players/D.J.-LeMahieu/9874/stats,2B,9874,518934,NYY,1
Sandy Leon ,https://www.fangraphs.com/players/Sandy-Leon/5273/stats,C,5273,506702,NYY,1
Dominic Leone ,https://www.fangraphs.com/players/Dominic-Leone/13763/stats,P,13763,608678,CHC,1
Francisco Lindor ,https://www.fangraphs.com/players/Francisco-Lindor/12916/stats,SS,12916,596019,ARI,0
Trey Lipscomb ,https://www.fangraphs.com/players/Trey-Lipscomb/31567/stats,3B,31567,702358,CLE,0
Evan Longoria ,https://www.fangraphs.com/players/Evan-Longoria/9368/stats,3B,9368,446334,BAL,1
Alejo Lopez ,https://www.fangraphs.com/players/Alejo-Lopez/21127/stats,2B,21127,664670,ATL,1
Jorge Lopez ,https://www.fangraphs.com/players/Jorge-Lopez/14527/stats,P,14527,605347,ATL,0
Michael Lorenzen ,https://www.fangraphs.com/players/Michael-Lorenzen/14843/stats,P,14843,547179,COL,1
Aaron Loup ,https://www.fangraphs.com/players/Aaron-Loup/10343/stats,P,10343,571901,PHI,1
Lucas Luetge ,https://www.fangraphs.com/players/Lucas-Luetge/8337/stats,P,8337,476595,TOR,0
Seth Lugo ,https://www.fangraphs.com/players/Seth-Lugo/12447/stats,P,12447,607625,SF,2
Jordan Lyles ,https://www.fangraphs.com/players/Jordan-Lyles/7593/stats,P,7593,543475,COL,0
Lance Lynn ,https://www.fangraphs.com/players/Lance-Lynn/2520/stats,P,2520,458681,COL,2
Andres Machado ,https://www.fangraphs.com/players/Andres-Machado/14681/stats,P,14681,600921,WAS,2
Bligh Madris ,https://www.fangraphs.com/players/Bligh-Madris/20054/stats,CF,20054,676632,COL,2
Kenta Maeda ,https://www.fangraphs.com/players/Kenta-Maeda/18498/stats,P,18498,628317,TB,0
Luke Maile ,https://www.fangraphs.com/players/Luke-Maile/13355/stats,C,13355,571912,PHI,1
Martin Maldonado ,https://www.fangraphs.com/players/Martin-Maldonado/6887/stats,C,6887,455117,ATL,2
Joe Mantiply ,https://www.fangraphs.com/players/Joe-Mantiply/14857/stats,P,14857,573009,TEX,1
Jake Marisnick ,https://www.fangraphs.com/players/Jake-Marisnick/11339/stats,CF,11339,545350,PIT,1
Yunior Marte ,https://www.fangraphs.com/players/Yunior-Marte/14416/stats,P,14416,628708,STL,1
Davis Martin ,https://www.fangraphs.com/players/Davis-Martin/21448/stats,P,21448,663436,CLE,2
Adrian Martinez ,https://www.fangraphs.com/players/Adrian-Martinez/21023/stats,P,21023,661309,PHI,0
J.D. Martinez ,https://www.fangraphs.com/players/J.D.-Martinez/6184/stats,LF,6184,502110,MIA,1
Nick Martinez ,https://www.fangraphs.com/players/Nick-Martinez/12730/stats,P,12730,607259,COL,2
Seth Martinez ,https://www.fangraphs.com/players/Seth-Martinez/21045/stats,P,21045,661527,TOR,2
Nick Martini ,https://www.fangraphs.com/players/Nick-Martini/12005/stats,CF,12005,605361,WAS,1
Mark Mathias ,https://www.fangraphs.com/players/Mark-Mathias/18032/stats,CF,18032,664029,SD,0
Tyler Matzek ,https://www.fangraphs.com/players/Tyler-Matzek/10058/stats,P,10058,554431,SEA,0
Trevor May ,https://www.fangraphs.com/players/Trevor-May/6398/stats,P,6398,543507,MIA,2
Mike Mayers ,https://www.fangraphs.com/players/Mike-Mayers/15451/stats,P,15451,594577,SD,2
Tim Mayza ,https://www.fangraphs.com/players/Tim-Mayza/15042/stats,P,15042,641835,PHI,2
Zach McAllister ,https://www.fangraphs.com/players/Zach-McAllister/2895/stats,P,2895,502083,BOS,2
James McArthur ,https://www.fangraphs.com/players/James-McArthur/21527/stats,P,21527,663704,PIT,1
James McCann ,https://www.fangraphs.com/players/James-McCann/12859/stats,C,12859,543510,STL,0
Darren McCaughan ,https://www.fangraphs.com/players/Darren-McCaughan/20038/stats,P,20038,670766,TOR,0
Andrew McCutchen ,https://www.fangraphs.com/players/Andrew-McCutchen/9847/stats,CF,9847,457705,SEA,2
T.J. McFarland ,https://www.fangraphs.com/players/T.J.-McFarland/3237/stats,P,3237,519008,LAA,2
Scott McGough ,https://www.fangraphs.com/players/Scott-McGough/12056/stats,P,12056,543518,DET,2
Collin McHugh ,https://www.fangraphs.com/players/Collin-McHugh/7531/stats,P,7531,543521,LAD,2
Billy McKinney ,https://www.fangraphs.com/players/Billy-McKinney/15654/stats,CF,15654,641856,ATL,1
Ryan McMahon ,https://www.fangraphs.com/players/Ryan-McMahon/15112/stats,3B,15112,641857,CIN,1
Jeff Mcneil ,https://www.fangraphs.com/players/Jeff-Mcneil/15362/stats,2B,15362,643446,BAL,2
Austin Meadows ,https://www.fangraphs.com/players/Austin-Meadows/15672/stats,CF,15672,640457,SD,2
Jean Mej√≠a ,https://www.fangraphs.com/players/Jean-Mej√≠a/20617/stats,P,20617,650496,SEA,0
Whit Merrifield ,https://www.fangraphs.com/players/Whit-Merrifield/11281/stats,LF,11281,593160,SEA,1
Keynan Middleton ,https://www.fangraphs.com/players/Keynan-Middleton/15264/stats,P,15264,641871,MIA,1
Wade Miley ,https://www.fangraphs.com/players/Wade-Miley/8779/stats,P,8779,489119,BOS,2
Brad Miller ,https://www.fangraphs.com/players/Brad-Miller/12775/stats,SS,12775,543543,SEA,2
Shelby Miller ,https://www.fangraphs.com/players/Shelby-Miller/10197/stats,P,10197,571946,TOR,2
Alec Mills ,https://www.fangraphs.com/players/Alec-Mills/13834/stats,P,13834,621219,HOU,2
Hoby Milner ,https://www.fangraphs.com/players/Hoby-Milner/13346/stats,P,13346,571948,BOS,0
Tommy Milone ,https://www.fangraphs.com/players/Tommy-Milone/7608/stats,P,7608,543548,PHI,2
Anthony Molina ,https://www.fangraphs.com/players/Anthony-Molina/26952/stats,P,26952,683627,PHI,1
Rafael Montero ,https://www.fangraphs.com/players/Rafael-Montero/12760/stats,P,12760,606160,OAK,1
Dauri Moreta ,https://www.fangraphs.com/players/Dauri-Moreta/21101/stats,P,21101,664294,NYM,1
Reyes Moronta ,https://www.fangraphs.com/players/Reyes-Moronta/14966/stats,P,14966,606625,CLE,1
Charlie Morton ,https://www.fangraphs.com/players/Charlie-Morton/4676/stats,P,4676,450203,SEA,2
Taylor Motter ,https://www.fangraphs.com/players/Taylor-Motter/12399/stats,CF,12399,600301,TEX,2
Mike Moustakas ,https://www.fangraphs.com/players/Mike-Moustakas/4892/stats,3B,4892,519058,LAD,2
Roddery Mu√±oz ,https://www.fangraphs.com/players/Roddery-Mu√±oz/25311/stats,P,25311,682610,NYM,0
Tom Murphy ,https://www.fangraphs.com/players/Tom-Murphy/13499/stats,C,13499,608596,CIN,1
Dane Myers ,https://www.fangraphs.com/players/Dane-Myers/22054/stats,OF,22054,667472,LAD,0
Wil Myers ,https://www.fangraphs.com/players/Wil-Myers/10047/stats,CF,10047,571976,CIN,1
Tyler Naquin ,https://www.fangraphs.com/players/Tyler-Naquin/13359/stats,CF,13359,571980,CLE,1
Omar Narvaez ,https://www.fangraphs.com/players/Omar-Narvaez/13338/stats,C,13338,553882,MIA,1
Zach Neal ,https://www.fangraphs.com/players/Zach-Neal/11294/stats,P,11294,594943,NYM,2
Sean Newcomb ,https://www.fangraphs.com/players/Sean-Newcomb/16943/stats,P,16943,656794,SEA,1
Kevin Newman ,https://www.fangraphs.com/players/Kevin-Newman/17696/stats,SS,17696,621028,BOS,2
Stephen Nogosek ,https://www.fangraphs.com/players/Stephen-Nogosek/19545/stats,P,19545,668665,OAK,0
Austin Nola ,https://www.fangraphs.com/players/Austin-Nola/15941/stats,1B,15941,543592,OAK,0
Sean Nolin ,https://www.fangraphs.com/players/Sean-Nolin/11341/stats,P,11341,543594,COL,1
Daniel Norris ,https://www.fangraphs.com/players/Daniel-Norris/13475/stats,P,13475,596057,PHI,1
Rougned Odor ,https://www.fangraphs.com/players/Rougned-Odor/12282/stats,2B,12282,596059,TEX,1
Steven Okert ,https://www.fangraphs.com/players/Steven-Okert/13580/stats,P,13580,595345,ATL,0
Adam Oller ,https://www.fangraphs.com/players/Adam-Oller/20132/stats,P,20132,670124,PHI,1
Matt Olson ,https://www.fangraphs.com/players/Matt-Olson/14344/stats,1B,14344,621566,STL,1
Kaleb Ort ,https://www.fangraphs.com/players/Kaleb-Ort/20061/stats,P,20061,672391,NYM,0
Oliver Ortega ,https://www.fangraphs.com/players/Oliver-Ortega/21025/stats,P,21025,661383,MIA,1
Rafael Ortega ,https://www.fangraphs.com/players/Rafael-Ortega/10323/stats,CF,10323,542364,TEX,1
Adam Ottavino ,https://www.fangraphs.com/players/Adam-Ottavino/1247/stats,P,1247,493603,ATL,2
Connor Overton ,https://www.fangraphs.com/players/Connor-Overton/18376/stats,P,18376,656818,STL,1
Pedro Pages ,https://www.fangraphs.com/players/Pedro-Pages/25782/stats,C,25782,686780,LAD,2
Josh Palacios ,https://www.fangraphs.com/players/Josh-Palacios/19818/stats,CF,19818,641943,LAD,1
Wesley Parsons ,https://www.fangraphs.com/players/Wesley-Parsons/14764/stats,P,14764,641149,MIL,2
Spencer Patton ,https://www.fangraphs.com/players/Spencer-Patton/12361/stats,P,12361,607359,CHW,1
Joel Payamps ,https://www.fangraphs.com/players/Joel-Payamps/14332/stats,P,14332,606303,NYY,2
Joc Pederson ,https://www.fangraphs.com/players/Joc-Pederson/11899/stats,CF,11899,592626,CHW,0
David Peralta ,https://www.fangraphs.com/players/David-Peralta/2136/stats,LF,2136,444482,CLE,0
Roberto Perez ,https://www.fangraphs.com/players/Roberto-Perez/2900/stats,C,2900,547379,DET,1
Jace Peterson ,https://www.fangraphs.com/players/Jace-Peterson/12325/stats,SS,12325,607054,MIL,2
Tommy Pham ,https://www.fangraphs.com/players/Tommy-Pham/2967/stats,CF,2967,502054,CHW,0
Kevin Pillar ,https://www.fangraphs.com/players/Kevin-Pillar/12434/stats,LF,12434,607680,HOU,0
Manny Pi√±a ,https://www.fangraphs.com/players/Manny-Pi√±a/2829/stats,C,2829,444489,COL,0
A.J. Pollock ,https://www.fangraphs.com/players/A.J.-Pollock/9256/stats,CF,9256,572041,MIN,0
Zach Pop ,https://www.fangraphs.com/players/Zach-Pop/20185/stats,P,20185,647315,PHI,0
Austin Pruitt ,https://www.fangraphs.com/players/Austin-Pruitt/15290/stats,P,15290,643493,HOU,1
Jose Quijada ,https://www.fangraphs.com/players/Jose-Quijada/19200/stats,P,19200,650671,ARI,2
Erasmo Ramirez ,https://www.fangraphs.com/players/Erasmo-Ramirez/10314/stats,P,10314,541640,BAL,2
Jose Ramirez ,https://www.fangraphs.com/players/Jose-Ramirez/13510/stats,3B,13510,608070,DET,0
Nick Ramirez ,https://www.fangraphs.com/players/Nick-Ramirez/12575/stats,P,12575,598286,SD,2
Yohan Ramirez ,https://www.fangraphs.com/players/Yohan-Ramirez/19444/stats,P,19444,670990,MIN,0
Robbie Ray ,https://www.fangraphs.com/players/Robbie-Ray/11486/stats,P,11486,592662,SF,2
Rob Refsnyder ,https://www.fangraphs.com/players/Rob-Refsnyder/13770/stats,2B,13770,608701,CLE,0
Zach Remillard ,https://www.fangraphs.com/players/Zach-Remillard/19788/stats,2B,19788,621545,PIT,2
Hunter Renfroe ,https://www.fangraphs.com/players/Hunter-Renfroe/15464/stats,RF,15464,592669,SEA,2
Franmil Reyes ,https://www.fangraphs.com/players/Franmil-Reyes/14566/stats,CF,14566,614177,CIN,2
Pablo Reyes ,https://www.fangraphs.com/players/Pablo-Reyes/16357/stats,2B,16357,622569,CHC,1
Matt Reynolds ,https://www.fangraphs.com/players/Matt-Reynolds/13788/stats,SS,13788,608703,MIA,0
Trevor Richards ,https://www.fangraphs.com/players/Trevor-Richards/19309/stats,P,19309,670950,STL,0
Yacksel Rios ,https://www.fangraphs.com/players/Yacksel-Rios/15007/stats,P,15007,605441,PIT,2
Carlos Rodon ,https://www.fangraphs.com/players/Carlos-Rodon/16137/stats,P,16137,607074,TEX,1
Joely Rodriguez ,https://www.fangraphs.com/players/Joely-Rodriguez/11487/stats,P,11487,570257,NYM,2
Manuel Rodriguez ,https://www.fangraphs.com/players/Manuel-Rodriguez/20794/stats,P,20794,655889,OAK,1
Randy Rodriguez ,https://www.fangraphs.com/players/Randy-Rodriguez/23974/stats,P,23974,678495,WAS,2
Josh Rogers ,https://www.fangraphs.com/players/Josh-Rogers/18510/stats,P,18510,642028,DET,1
Josh Rojas ,https://www.fangraphs.com/players/Josh-Rojas/19734/stats,CF,19734,668942,BAL,0
Eddie Rosario ,https://www.fangraphs.com/players/Eddie-Rosario/12155/stats,CF,12155,592696,CHW,0
Kenny Rosenberg ,https://www.fangraphs.com/players/Kenny-Rosenberg/20009/stats,P,20009,670046,DET,1
Joe Ross ,https://www.fangraphs.com/players/Joe-Ross/12972/stats,P,12972,605452,HOU,1
Drew Rucinski ,https://www.fangraphs.com/players/Drew-Rucinski/12499/stats,P,12499,607968,SD,2
Michael Rucker ,https://www.fangraphs.com/players/Michael-Rucker/19454/stats,P,19454,621074,TEX,1
Darin Ruf ,https://www.fangraphs.com/players/Darin-Ruf/9929/stats,LF,9929,573131,LAD,1
Jose Ruiz ,https://www.fangraphs.com/players/Jose-Ruiz/14552/stats,C,14552,614179,STL,0
Hyun-jin Ryu ,https://www.fangraphs.com/players/Hyun-jin-Ryu/14444/stats,P,14444,547943,SEA,2
Gary Sanchez ,https://www.fangraphs.com/players/Gary-Sanchez/11442/stats,C,11442,596142,MIA,0
Reiver Sanmartin ,https://www.fangraphs.com/players/Reiver-Sanmartin/19754/stats,P,19754,665665,MIL,2
Miguel Sano ,https://www.fangraphs.com/players/Miguel-Sano/12164/stats,3B,12164,593934,STL,1
Carlos Santana ,https://www.fangraphs.com/players/Carlos-Santana/2396/stats,1B,2396,467793,BOS,0
Tayler Saucedo ,https://www.fangraphs.com/players/Tayler-Saucedo/17888/stats,P,17888,642048,NYM,0
Josh Sborz ,https://www.fangraphs.com/players/Josh-Sborz/18323/stats,P,18323,622250,COL,1
Max Scherzer ,https://www.fangraphs.com/players/Max-Scherzer/3137/stats,P,3137,453286,LAA,2
Daniel Schneemann ,https://www.fangraphs.com/players/Daniel-Schneemann/25180/stats,2B,25180,682177,BOS,1
Jesse Scholtens ,https://www.fangraphs.com/players/Jesse-Scholtens/19205/stats,P,19205,669947,STL,1
Jonathan Schoop ,https://www.fangraphs.com/players/Jonathan-Schoop/11265/stats,2B,11265,570731,DET,1
Max Schuemann ,https://www.fangraphs.com/players/Max-Schuemann/24488/stats,2B,24488,680474,CIN,1
Tayler Scott ,https://www.fangraphs.com/players/Tayler-Scott/13652/stats,P,13652,605463,LAD,0
Jean Segura ,https://www.fangraphs.com/players/Jean-Segura/5933/stats,SS,5933,516416,ARI,0
Antonio Senzatela ,https://www.fangraphs.com/players/Antonio-Senzatela/15488/stats,P,15488,622608,WAS,1
Brian Serven ,https://www.fangraphs.com/players/Brian-Serven/19422/stats,C,19422,661531,CIN,1
Paul Sewald ,https://www.fangraphs.com/players/Paul-Sewald/13892/stats,P,13892,623149,COL,1
Bryan Shaw ,https://www.fangraphs.com/players/Bryan-Shaw/8110/stats,P,8110,543766,CLE,0
Ryan Sherriff ,https://www.fangraphs.com/players/Ryan-Sherriff/12249/stats,P,12249,595411,CIN,0
Chasen Shreve ,https://www.fangraphs.com/players/Chasen-Shreve/10855/stats,P,10855,592741,SEA,2
Jon Singleton ,https://www.fangraphs.com/players/Jon-Singleton/10441/stats,1B,10441,572138,COL,1
Burch Smith ,https://www.fangraphs.com/players/Burch-Smith/12784/stats,P,12784,572143,MIL,1
Cade Smith ,https://www.fangraphs.com/players/Cade-Smith/27867/stats,P,27867,671922,MIL,2
Drew Smith ,https://www.fangraphs.com/players/Drew-Smith/17755/stats,P,17755,622098,NYY,0
Pavin Smith ,https://www.fangraphs.com/players/Pavin-Smith/19892/stats,1B,19892,656976,MIA,0
Kirby Snead ,https://www.fangraphs.com/players/Kirby-Snead/19179/stats,P,19179,669912,KC,0
Collin Snider ,https://www.fangraphs.com/players/Collin-Snider/23307/stats,P,23307,676092,ARI,1
Nick Solak ,https://www.fangraphs.com/players/Nick-Solak/19294/stats,DH,19294,669256,PIT,1
Donovan Solano ,https://www.fangraphs.com/players/Donovan-Solano/8623/stats,2B,8623,456781,PHI,0
Jorge Soler ,https://www.fangraphs.com/players/Jorge-Soler/14221/stats,RF,14221,624585,STL,2
Mitch Spence ,https://www.fangraphs.com/players/Mitch-Spence/27707/stats,P,27707,687765,SEA,0
Carson Spiers ,https://www.fangraphs.com/players/Carson-Spiers/27685/stats,P,27685,686730,SEA,1
Ryne Stanek ,https://www.fangraphs.com/players/Ryne-Stanek/15947/stats,P,15947,592773,NYY,1
Giancarlo Stanton ,https://www.fangraphs.com/players/Giancarlo-Stanton/4949/stats,RF,4949,519317,LAD,1
Jackson Stephens ,https://www.fangraphs.com/players/Jackson-Stephens/14420/stats,P,14420,623451,CHC,1
Andrew Stevenson ,https://www.fangraphs.com/players/Andrew-Stevenson/17932/stats,CF,17932,664057,KC,1
Trevor Story ,https://www.fangraphs.com/players/Trevor-Story/12564/stats,SS,12564,596115,SD,1
Chris Stratton ,https://www.fangraphs.com/players/Chris-Stratton/13761/stats,P,13761,608717,TOR,1
Hunter Strickland ,https://www.fangraphs.com/players/Hunter-Strickland/7836/stats,P,7836,519326,BOS,0
Ross Stripling ,https://www.fangraphs.com/players/Ross-Stripling/13273/stats,P,13273,548389,BAL,2
Albert Suarez ,https://www.fangraphs.com/players/Albert-Suarez/6175/stats,P,6175,544150,LAD,2
Cole Sulser ,https://www.fangraphs.com/players/Cole-Sulser/15256/stats,P,15256,642121,MIA,0
Brent Suter ,https://www.fangraphs.com/players/Brent-Suter/13942/stats,P,13942,608718,BOS,2
Noah Syndergaard ,https://www.fangraphs.com/players/Noah-Syndergaard/11762/stats,P,11762,592789,SF,0
Jameson Taillon ,https://www.fangraphs.com/players/Jameson-Taillon/11674/stats,P,11674,592791,COL,0
Domingo Tapia ,https://www.fangraphs.com/players/Domingo-Tapia/12178/stats,P,12178,593619,ARI,2
Raimel Tapia ,https://www.fangraphs.com/players/Raimel-Tapia/14350/stats,CF,14350,606132,MIL,0
Chris Taylor ,https://www.fangraphs.com/players/Chris-Taylor/13757/stats,SS,13757,621035,BOS,1
Josh Taylor ,https://www.fangraphs.com/players/Josh-Taylor/17359/stats,P,17359,657031,CHC,1
Julio Teheran ,https://www.fangraphs.com/players/Julio-Teheran/6797/stats,P,6797,527054,KC,2
Ryan Tepera ,https://www.fangraphs.com/players/Ryan-Tepera/10291/stats,P,10291,572193,KC,1
Caleb Thielbar ,https://www.fangraphs.com/players/Caleb-Thielbar/10078/stats,P,10078,573204,LAA,0
Ryan Thompson ,https://www.fangraphs.com/players/Ryan-Thompson/16647/stats,P,16647,657044,BAL,2
Trayce Thompson ,https://www.fangraphs.com/players/Trayce-Thompson/9952/stats,CF,9952,572204,STL,0
Jesus Tinoco ,https://www.fangraphs.com/players/Jesus-Tinoco/16300/stats,P,16300,622786,OAK,1
Michael Tonkin ,https://www.fangraphs.com/players/Michael-Tonkin/10315/stats,P,10315,543859,WAS,2
Alan Trejo ,https://www.fangraphs.com/players/Alan-Trejo/20056/stats,2B,20056,676701,SF,2
Chadwick Tromp ,https://www.fangraphs.com/players/Chadwick-Tromp/16953/stats,C,16953,644433,ARI,0
Jose Urena ,https://www.fangraphs.com/players/Jose-Urena/11589/stats,P,11589,570632,SEA,0
Luis Urias ,https://www.fangraphs.com/players/Luis-Urias/16622/stats,2B,16622,649966,NYM,0
Ildemaro Vargas ,https://www.fangraphs.com/players/Ildemaro-Vargas/13324/stats,SS,13324,545121,OAK,1
Andrew Vasquez ,https://www.fangraphs.com/players/Andrew-Vasquez/19482/stats,P,19482,607755,NYY,1
Vincent Velasquez ,https://www.fangraphs.com/players/Vincent-Velasquez/11189/stats,P,11189,592826,TB,2
Drew VerHagen ,https://www.fangraphs.com/players/Drew-VerHagen/13424/stats,P,13424,572403,ATL,2
Justin Verlander ,https://www.fangraphs.com/players/Justin-Verlander/8700/stats,P,8700,434378,SF,2
Nick Vespi ,https://www.fangraphs.com/players/Nick-Vespi/21093/stats,P,21093,663989,CHW,2
Thyago Vieira ,https://www.fangraphs.com/players/Thyago-Vieira/14510/stats,P,14510,600986,TEX,1
Dan Vogelbach ,https://www.fangraphs.com/players/Dan-Vogelbach/14130/stats,1B,14130,596129,CIN,0
Luke Voit ,https://www.fangraphs.com/players/Luke-Voit/14811/stats,1B,14811,572228,STL,2
Jason Vosler ,https://www.fangraphs.com/players/Jason-Vosler/16686/stats,3B,16686,613564,BAL,1
Austin Voth ,https://www.fangraphs.com/players/Austin-Voth/15047/stats,P,15047,608723,WAS,2
Joey Votto ,https://www.fangraphs.com/players/Joey-Votto/4314/stats,1B,4314,458015,TOR,1
Jacob Waguespack ,https://www.fangraphs.com/players/Jacob-Waguespack/18318/stats,P,18318,621097,TEX,2
Adam Wainwright ,https://www.fangraphs.com/players/Adam-Wainwright/2233/stats,P,2233,425794,SEA,2
Matt Waldron ,https://www.fangraphs.com/players/Matt-Waldron/25550/stats,P,25550,663362,MIL,1
Christian Walker ,https://www.fangraphs.com/players/Christian-Walker/13419/stats,1B,13419,572233,COL,2
Taijuan Walker ,https://www.fangraphs.com/players/Taijuan-Walker/11836/stats,P,11836,592836,LAD,1
Chad Wallach ,https://www.fangraphs.com/players/Chad-Wallach/17161/stats,C,17161,595453,LAD,0
Jared Walsh ,https://www.fangraphs.com/players/Jared-Walsh/18607/stats,1B,18607,665120,BOS,2
Andrew Wantz ,https://www.fangraphs.com/players/Andrew-Wantz/24933/stats,P,24933,681806,STL,0
Spenser Watkins ,https://www.fangraphs.com/players/Spenser-Watkins/17489/stats,P,17489,657093,MIL,2
Jacob Webb ,https://www.fangraphs.com/players/Jacob-Webb/19274/stats,P,19274,657097,STL,0
Ryan Weber ,https://www.fangraphs.com/players/Ryan-Weber/10160/stats,P,10160,543901,COL,0
Jordan Weems ,https://www.fangraphs.com/players/Jordan-Weems/13190/stats,P,13190,607179,DET,0
Greg Weissert ,https://www.fangraphs.com/players/Greg-Weissert/20375/stats,P,20375,669711,TEX,0
Joe Wendle ,https://www.fangraphs.com/players/Joe-Wendle/13853/stats,2B,13853,621563,MIL,1
Zack Wheeler ,https://www.fangraphs.com/players/Zack-Wheeler/10310/stats,P,10310,554430,COL,0
Luke Williams ,https://www.fangraphs.com/players/Luke-Williams/19931/stats,CF,19931,663897,ARI,0
Trevor Williams ,https://www.fangraphs.com/players/Trevor-Williams/16977/stats,P,16977,592866,MIN,2
Bryse Wilson ,https://www.fangraphs.com/players/Bryse-Wilson/19990/stats,P,19990,669060,MIN,2
Justin Wilson ,https://www.fangraphs.com/players/Justin-Wilson/4301/stats,P,4301,458677,PIT,0
Steven Wilson ,https://www.fangraphs.com/players/Steven-Wilson/20353/stats,P,20353,621051,SD,0
Trey Wingenter ,https://www.fangraphs.com/players/Trey-Wingenter/17793/stats,P,17793,622259,CIN,1
Patrick Wisdom ,https://www.fangraphs.com/players/Patrick-Wisdom/13602/stats,3B,13602,621550,MIN,0
Brett Wisely ,https://www.fangraphs.com/players/Brett-Wisely/27735/stats,2B,27735,689172,TOR,0
Nick Wittgren ,https://www.fangraphs.com/players/Nick-Wittgren/15594/stats,P,15594,621295,MIN,1
Kolten Wong ,https://www.fangraphs.com/players/Kolten-Wong/12532/stats,2B,12532,543939,NYM,2
Alex Wood ,https://www.fangraphs.com/players/Alex-Wood/13781/stats,P,13781,622072,KC,2
Austin Wynns ,https://www.fangraphs.com/players/Austin-Wynns/15271/stats,C,15271,642851,SD,1
Jimmy Yacabonis ,https://www.fangraphs.com/players/Jimmy-Yacabonis/15157/stats,P,15157,642231,OAK,1
Danny Young ,https://www.fangraphs.com/players/Danny-Young/18439/stats,P,18439,664849,NYM,1
Seby Zavala ,https://www.fangraphs.com/players/Seby-Zavala/18887/stats,C,18887,664874,MIL,0
Mike Zunino ,https://www.fangraphs.com/players/Mike-Zunino/13265/stats,C,13265,572287,LAD,0
,,,,,BAL,2
,,,,,LAA,0
,,,,,MIN,1
,,,,,TB,0
,,,,,SEA,1
,,,,,COL,2
,,,,,MIA,2
,,,,,LAD,1
,,,,,SF,1
,,,,,NYM,0
,,,,,SF,0
,,,,,LAD,0
,,,,,PHI,0
,,,,,TB,0
,,,,,LAD,0
,,,,,PHI,1
,,,,,STL,2
,,,,,LAD,2
,,,,,SD,2
,,,,,BOS,2
,,,,,BOS,0
,,,,,STL,0
,,,,,TOR,0
,,,,,PHI,0
,,,,,STL,0
,,,,,TEX,1
,,,,,NYY,2
,,,,,MIL,0
,,,,,TEX,1
,,,,,MIA,2
,,,,,HOU,2
,,,,,CHW,1
,,,,,SD,2
,,,,,OAK,1
,,,,,CHW,0
,,,,,LAA,1
,,,,,CLE,0
,,,,,CIN,1
,,,,,MIN,2
,,,,,TEX,0
,,,,,ARI,0
,,,,,DET,2
,,,,,TEX,0
,,,,,STL,1
,,,,,MIN,2
,,,,,CHW,1
,,,,,STL,0
,,,,,ATL,1
,,,,,MIL,0
,,,,,DET,2
,,,,,SF,1
,,,,,BOS,2
,,,,,BAL,2
,,,,,TB,0
,,,,,NYY,1
,,,,,TOR,2
,,,,,MIL,1
,,,,,TEX,0
,,,,,SEA,2
,,,,,WAS,1
,,,,,TOR,1
,,,,,CIN,2
,,,,,SD,2
,,,,,PHI,0
,,,,,MIL,0
,,,,,KC,2
,,,,,ARI,2
,,,,,DET,1
,,,,,TOR,2
,,,,,LAD,1
,,,,,PIT,0
,,,,,MIL,1
,,,,,TOR,0
,,,,,TEX,2
,,,,,MIL,2
,,,,,COL,1
,,,,,NYY,1
,,,,,SEA,2
,,,,,CIN,2
,,,,,NYY,0
,,,,,MIA,0
,,,,,SF,1
,,,,,OAK,2
,,,,,CHC,2
,,,,,ATL,1
,,,,,CHC,0
,,,,,PIT,1
,,,,,BAL,1
,,,,,NYM,0
,,,,,LAA,2
,,,,,STL,0
,,,,,PIT,0
,,,,,ARI,0
,,,,,CIN,1
,,,,,MIL,1
,,,,,CHW,0
,,,,,MIA,2
,,,,,BAL,0
,,,,,LAA,1
,,,,,OAK,1
,,,,,CHW,0
,,,,,PIT,2
,,,,,KC,0
,,,,,KC,2
,,,,,SD,1
,,,,,HOU,0
,,,,,LAA,1
,,,,,CHC,0
,,,,,NYY,0
,,,,,PHI,0
,,,,,NYM,0
,,,,,LAD,1
,,,,,HOU,2
,,,,,HOU,0
,,,,,HOU,0
,,,,,OAK,0
,,,,,ATL,0
,,,,,CHW,2
,,,,,STL,1
,,,,,COL,2
,,,,,BAL,2
,,,,,SF,2
,,,,,ATL,2
,,,,,CHW,1
,,,,,CHC,2
,,,,,SD,0
,,,,,MIA,2
,,,,,SEA,1
,,,,,SD,1
,,,,,SD,2
,,,,,NYM,0
,,,,,SF,0
,,,,,CIN,0
,,,,,COL,1
,,,,,SF,0
,,,,,TB,0
,,,,,MIN,1
,,,,,BOS,1
,,,,,NYM,2
,,,,,BAL,0
,,,,,MIA,2
,,,,,TB,0
,,,,,BAL,1
,,,,,NYY,0
,,,,,ARI,1
,,,,,TOR,2
,,,,,CHW,2
,,,,,NYM,2
,,,,,HOU,1
,,,,,PIT,2
,,,,,SD,0
,,,,,CLE,2
,,,,,MIN,2
,,,,,PHI,1
,,,,,LAD,1
,,,,,NYY,1
,,,,,BOS,0
,,,,,NYY,1
,,,,,STL,1
,,,,,SD,2
,,,,,OAK,0
,,,,,ATL,1
,,,,,NYM,1
,,,,,BOS,0
,,,,,NYY,2
,,,,,MIA,0
,,,,,PIT,1
,,,,,MIL,0
,,,,,LAD,0
,,,,,BAL,2
,,,,,STL,1
,,,,,NYM,1
,,,,,KC,0
,,,,,MIL,0
,,,,,WAS,2
,,,,,SF,1
,,,,,TB,1
,,,,,PIT,0
,,,,,TEX,1
,,,,,ATL,0
,,,,,SD,1
,,,,,BOS,1
,,,,,SEA,0
,,,,,CHW,1
,,,,,NYM,0
,,,,,CHW,2
,,,,,LAA,2
,,,,,STL,0
,,,,,TB,2
,,,,,BOS,0
,,,,,KC,0
,,,,,SF,2
,,,,,TB,1
,,,,,TOR,1
,,,,,COL,1
,,,,,PIT,1
,,,,,SD,0
,,,,,CLE,2
,,,,,CIN,1
,,,,,MIA,2
,,,,,PIT,2
,,,,,PIT,1
,,,,,PIT,2
,,,,,KC,0
,,,,,STL,0
,,,,,OAK,0
,,,,,CLE,0
,,,,,COL,0
,,,,,SF,2
,,,,,STL,1
,,,,,SD,0
,,,,,HOU,0
,,,,,CHC,1
,,,,,NYM,2
,,,,,CHW,0
,,,,,WAS,2
,,,,,DET,0
,,,,,SEA,2
,,,,,NYM,0
,,,,,NYY,1
,,,,,LAD,2
,,,,,NYY,1
,,,,,NYM,2
,,,,,BOS,1
,,,,,LAA,0
,,,,,CLE,0
,,,,,LAD,2
,,,,,COL,2
,,,,,TEX,0
,,,,,MIN,0
,,,,,WAS,2
,,,,,PHI,0
,,,,,MIA,2
,,,,,KC,0
,,,,,ARI,1
,,,,,CIN,2
,,,,,KC,1
,,,,,PHI,0
,,,,,ATL,2
,,,,,CIN,1
,,,,,CHC,2
,,,,,ATL,2
,,,,,LAA,1
,,,,,CLE,0
,,,,,ATL,1
,,,,,DET,2
,,,,,CHC,0
,,,,,CIN,1
,,,,,BAL,2
,,,,,DET,0
,,,,,ARI,2
,,,,,DET,1
,,,,,CHC,0
,,,,,LAD,2
,,,,,CIN,0
,,,,,TB,1
,,,,,TB,1
,,,,,BAL,0
,,,,,PIT,1
,,,,,STL,1
,,,,,ARI,2
,,,,,NYY,2
,,,,,BAL,2
,,,,,MIN,0
,,,,,CLE,2
,,,,,CHC,0
,,,,,LAD,2
,,,,,KC,2
,,,,,MIN,0
,,,,,HOU,1
,,,,,TB,2
,,,,,CHC,1
,,,,,TB,0
,,,,,CHW,1
,,,,,COL,0
,,,,,NYY,2
,,,,,BAL,1
,,,,,SD,0
,,,,,BAL,1
,,,,,PIT,0
,,,,,KC,1
,,,,,PHI,0
,,,,,MIL,1
,,,,,DET,2
,,,,,PIT,2
,,,,,TEX,1
,,,,,LAA,2
,,,,,CHW,0
,,,,,PIT,1
,,,,,OAK,1
,,,,,BOS,2
,,,,,MIN,1
,,,,,COL,0
,,,,,BAL,2
,,,,,ATL,0
,,,,,CHC,0
,,,,,CHC,0
,,,,,TOR,2
,,,,,SD,0
,,,,,BAL,0
,,,,,SD,0
,,,,,SD,2
,,,,,TEX,1
,,,,,TOR,0
,,,,,ATL,0
,,,,,SD,1
,,,,,DET,0
,,,,,CHC,2
,,,,,DET,0
,,,,,NYY,2
,,,,,PIT,2
,,,,,NYY,0
,,,,,KC,1
,,,,,WAS,0
,,,,,MIL,0
,,,,,SD,1
,,,,,CHC,2
,,,,,LAA,2
,,,,,PIT,2
,,,,,BAL,0
,,,,,HOU,1
,,,,,CIN,2
,,,,,ATL,2
,,,,,COL,2
,,,,,KC,2
,,,,,KC,0
,,,,,HOU,0
,,,,,BOS,2
,,,,,COL,1
,,,,,NYY,2
,,,,,TOR,2
,,,,,STL,1
,,,,,NYY,0
,,,,,MIL,1
,,,,,SF,1
,,,,,SD,1
,,,,,ARI,0
,,,,,PHI,2
,,,,,COL,2
,,,,,KC,1
,,,,,LAD,0
,,,,,HOU,2
,,,,,CLE,2
,,,,,WAS,2
,,,,,TOR,0
,,,,,TEX,0
,,,,,LAA,1
,,,,,TB,1
,,,,,NYM,0
,,,,,ARI,1
,,,,,ATL,2
,,,,,CLE,0
,,,,,ARI,2
,,,,,CIN,2
,,,,,TB,2
,,,,,PHI,2
,,,,,SEA,2
,,,,,STL,2
,,,,,ATL,2
,,,,,CHW,0
,,,,,ATL,2
,,,,,WAS,2
,,,,,LAD,1
,,,,,CLE,2
,,,,,TEX,1
,,,,,ATL,0
,,,,,WAS,2
,,,,,LAD,2
,,,,,PHI,2
,,,,,TOR,2
,,,,,LAD,1
,,,,,MIN,2
,,,,,TB,2
,,,,,ATL,0
,,,,,NYM,0
,,,,,LAD,2
,,,,,COL,1
,,,,,CHW,1
,,,,,CLE,2
,,,,,SF,2
,,,,,HOU,1
,,,,,ARI,1
,,,,,ARI,2
,,,,,TB,2
,,,,,CHC,0
,,,,,DET,1
,,,,,PHI,0
,,,,,COL,0
,,,,,KC,0
,,,,,HOU,0
,,,,,NYM,1
,,,,,SD,2
,,,,,MIL,2
,,,,,NYM,1
,,,,,TB,1
,,,,,TB,0
,,,,,WAS,0
,,,,,PIT,1
,,,,,LAA,1
,,,,,LAD,2
,,,,,LAD,0
,,,,,WAS,0
,,,,,BOS,0
,,,,,CHC,0
,,,,,MIL,0
,,,,,COL,2
,,,,,MIL,0
,,,,,MIA,1
,,,,,HOU,2
,,,,,STL,2
,,,,,BAL,0
,,,,,TEX,0
,,,,,SD,1
,,,,,OAK,0
,,,,,MIL,2
,,,,,CHC,2
,,,,,WAS,1
,,,,,TOR,0
,,,,,SF,0
,,,,,SF,2
,,,,,DET,1
,,,,,MIN,1
,,,,,NYM,0
,,,,,SEA,0
,,,,,TOR,2
,,,,,WAS,0
,,,,,MIN,0
,,,,,NYM,0
,,,,,OAK,1
,,,,,PHI,2
,,,,,MIA,2
,,,,,SEA,0
,,,,,PHI,1
,,,,,CLE,1
,,,,,TOR,0
,,,,,KC,1
,,,,,BOS,0
,,,,,SF,2
,,,,,TEX,2
,,,,,WAS,0
,,,,,HOU,0
,,,,,NYY,1
,,,,,CHW,1
,,,,,PIT,1
,,,,,DET,2
,,,,,CLE,0
,,,,,SD,2
,,,,,CHC,1
,,,,,CLE,1
,,,,,PIT,2
,,,,,TOR,0
,,,,,MIN,0
,,,,,CHC,1
,,,,,TEX,0
,,,,,MIN,1
,,,,,SD,0
,,,,,PHI,1
,,,,,DET,1
,,,,,OAK,0
,,,,,HOU,1
,,,,,CIN,0
,,,,,TB,1
,,,,,SD,0
,,,,,MIN,0
,,,,,WAS,2
,,,,,BAL,1
,,,,,SF,0
,,,,,COL,1
,,,,,PHI,2
,,,,,MIN,2
,,,,,CLE,1
,,,,,CHC,0
,,,,,TB,2
,,,,,PHI,0
,,,,,HOU,1
,,,,,TB,1
,,,,,SD,2
,,,,,BOS,1
,,,,,MIA,0
,,,,,MIN,2
,,,,,CIN,2
,,,,,TEX,2
,,,,,TOR,2
,,,,,ARI,1
,,,,,PHI,0
,,,,,DET,2
,,,,,OAK,1
,,,,,BAL,1
,,,,,SEA,0
,,,,,MIA,0
,,,,,LAA,2
,,,,,WAS,1
,,,,,CHC,2
,,,,,KC,1
,,,,,LAA,0
,,,,,NYM,0
,,,,,PHI,0
,,,,,CHC,0
,,,,,SEA,0
,,,,,MIN,2
,,,,,TOR,1
,,,,,CHW,1
,,,,,DET,0
,,,,,MIL,0
,,,,,CHC,1
,,,,,SEA,0
,,,,,KC,1
,,,,,LAD,0
,,,,,WAS,0
,,,,,KC,1
,,,,,SEA,2
,,,,,STL,2
,,,,,CLE,2
,,,,,MIA,2
,,,,,CIN,2
,,,,,TEX,2
,,,,,CHC,1
,,,,,PIT,1
,,,,,CIN,2
,,,,,CLE,0
,,,,,CLE,1
,,,,,CHW,1
,,,,,PIT,2
,,,,,TOR,1
,,,,,DET,0
,,,,,COL,1
,,,,,BAL,0
,,,,,TB,1
,,,,,KC,2
,,,,,SF,2
,,,,,CLE,1
,,,,,SF,2
,,,,,BAL,2
,,,,,LAA,1
,,,,,SF,2
,,,,,ARI,0
,,,,,PIT,0
,,,,,CLE,0
,,,,,MIL,2
,,,,,BAL,2
,,,,,TB,1
,,,,,OAK,2
,,,,,WAS,2
,,,,,TOR,2
,,,,,MIL,2
,,,,,KC,1
,,,,,WAS,2
,,,,,LAD,1
,,,,,TB,0
,,,,,CHW,0
,,,,,BAL,0
,,,,,ARI,0
,,,,,CHW,2
,,,,,PHI,1
,,,,,SEA,0
,,,,,SF,1
,,,,,WAS,0
,,,,,PHI,2
,,,,,TEX,1
,,,,,CHW,0
,,,,,LAA,1
,,,,,SF,0
,,,,,ARI,1
,,,,,TOR,0
,,,,,TEX,0
,,,,,TEX,0
,,,,,COL,2
,,,,,WAS,2
,,,,,ARI,0
,,,,,MIN,2
,,,,,NYM,1
,,,,,CHW,1
,,,,,SF,2
,,,,,COL,2
,,,,,SF,1
,,,,,NYM,2
,,,,,ARI,2
,,,,,COL,0
,,,,,NYY,2
,,,,,WAS,1
,,,,,CIN,0
,,,,,MIN,1
,,,,,CIN,0
,,,,,CHW,2
,,,,,ARI,2
,,,,,TOR,2
,,,,,CHW,2
,,,,,MIA,0
,,,,,DET,1
,,,,,MIN,1
,,,,,ARI,0
,,,,,SD,0
,,,,,HOU,0
,,,,,BOS,0
,,,,,CHW,2
,,,,,SF,0
,,,,,KC,1
,,,,,ARI,1
,,,,,CHC,0
,,,,,STL,1
,,,,,TOR,2
,,,,,CHC,0
,,,,,SEA,2
,,,,,COL,1
,,,,,MIN,2
,,,,,WAS,1
,,,,,CLE,0
,,,,,TB,0
,,,,,MIA,0
,,,,,COL,0
,,,,,LAD,1
,,,,,DET,1
,,,,,SD,2
,,,,,SD,2
,,,,,PHI,2
,,,,,PIT,1
,,,,,WAS,2
,,,,,NYY,1
,,,,,MIA,1
,,,,,HOU,1
,,,,,BOS,1
,,,,,WAS,1
,,,,,SEA,0
,,,,,PIT,0
,,,,,TOR,0
,,,,,CLE,0
,,,,,SD,0
,,,,,ATL,2
,,,,,SD,1
,,,,,CHW,1
,,,,,STL,0
,,,,,HOU,1
,,,,,TEX,2
,,,,,TEX,0
,,,,,LAA,1
,,,,,SEA,2
,,,,,CHW,1
,,,,,PHI,1
,,,,,ATL,2
,,,,,KC,1
,,,,,MIN,2
,,,,,MIN,1
,,,,,TOR,1
,,,,,LAA,0
,,,,,COL,0
,,,,,BOS,1
,,,,,CIN,1
,,,,,BAL,0
,,,,,HOU,1
,,,,,CLE,1
,,,,,NYY,0
,,,,,NYY,0
,,,,,STL,2
,,,,,MIA,1
,,,,,TOR,2
,,,,,ATL,1
,,,,,PHI,2
,,,,,NYM,0
,,,,,ARI,1
,,,,,CHC,2
,,,,,CIN,2
,,,,,OAK,0
,,,,,TB,1
,,,,,NYY,1
,,,,,LAA,2
,,,,,PHI,0
,,,,,DET,2
,,,,,MIL,1
,,,,,TEX,2
,,,,,ATL,0
,,,,,TB,1
,,,,,TEX,2
,,,,,PIT,1
,,,,,LAD,2
,,,,,LAD,1
,,,,,LAA,2
,,,,,HOU,1
,,,,,TEX,2
,,,,,NYM,0
,,,,,STL,0
,,,,,ATL,0
,,,,,OAK,0
,,,,,DET,0
,,,,,PHI,2
,,,,,CHC,0
,,,,,ATL,0
,,,,,TOR,2
,,,,,COL,2
,,,,,NYM,0
,,,,,TB,0
,,,,,COL,0
,,,,,SF,2
,,,,,COL,2
,,,,,TB,2
,,,,,NYM,0
,,,,,OAK,2
,,,,,TEX,0
,,,,,MIL,2
,,,,,NYM,2
,,,,,SEA,1
,,,,,LAA,0
,,,,,MIL,0
,,,,,PIT,2
,,,,,SEA,1
,,,,,CLE,0
,,,,,CIN,2
,,,,,CHC,0
,,,,,OAK,1
,,,,,DET,1
,,,,,SF,0
,,,,,ATL,0
,,,,,MIA,2
,,,,,DET,2
,,,,,ARI,1
,,,,,LAD,0
,,,,,NYM,0
,,,,,BAL,1
,,,,,WAS,2
,,,,,SF,1
,,,,,LAA,0
,,,,,STL,1
,,,,,HOU,2
,,,,,MIN,1
,,,,,LAD,0
,,,,,BOS,0
,,,,,STL,0
,,,,,OAK,1
,,,,,LAD,2
,,,,,SD,0
,,,,,SD,0
,,,,,DET,0
,,,,,ATL,1
,,,,,COL,2
,,,,,DET,1
,,,,,TEX,0
,,,,,TEX,0
,,,,,CLE,0
,,,,,ARI,2
,,,,,CIN,1
,,,,,MIL,2
,,,,,NYY,2
,,,,,ATL,1
,,,,,STL,0
,,,,,ARI,0
,,,,,NYM,0
,,,,,BOS,2
,,,,,NYY,0
,,,,,CHW,0
,,,,,MIL,1
,,,,,TOR,2
,,,,,TEX,0
,,,,,OAK,0
,,,,,LAA,2
,,,,,SEA,2
,,,,,SF,0
,,,,,PHI,2
,,,,,CLE,2
,,,,,TEX,0
,,,,,LAD,2
,,,,,LAD,1
,,,,,SEA,2
,,,,,KC,2
,,,,,TB,1
,,,,,CLE,1
,,,,,DET,1
,,,,,HOU,2
,,,,,WAS,2
,,,,,CHC,1
,,,,,MIL,2
,,,,,ATL,1
,,,,,HOU,2
,,,,,KC,2
,,,,,MIN,0
,,,,,CHC,2
,,,,,TEX,0
,,,,,TB,1
,,,,,CIN,1
,,,,,MIL,1
,,,,,SD,1
,,,,,CHC,0
,,,,,PIT,1
,,,,,SF,1
,,,,,WAS,1
,,,,,BOS,1
,,,,,STL,1
,,,,,CIN,2
,,,,,PHI,0
,,,,,CLE,0
,,,,,TOR,2
,,,,,KC,2
,,,,,CHC,1
,,,,,ARI,2
,,,,,DET,0
,,,,,ATL,1
,,,,,TEX,1
,,,,,SEA,2
,,,,,CLE,1
,,,,,ATL,0
,,,,,COL,0
,,,,,WAS,2
,,,,,MIN,0
,,,,,OAK,2
,,,,,NYY,2
,,,,,MIL,1
,,,,,DET,1
,,,,,KC,2
,,,,,SEA,0
,,,,,NYY,1
,,,,,OAK,1
,,,,,PIT,2
,,,,,SD,1
,,,,,LAA,0
,,,,,SD,1
,,,,,PIT,2
,,,,,TEX,1
,,,,,MIA,0
,,,,,LAA,2
,,,,,BAL,2
,,,,,BOS,2
,,,,,DET,2
,,,,,KC,2
,,,,,CLE,2
,,,,,ARI,0
,,,,,STL,0
,,,,,BOS,2
,,,,,NYM,2
,,,,,WAS,2
,,,,,CLE,1
,,,,,SEA,0
,,,,,TB,1
,,,,,ATL,0
,,,,,TEX,0
,,,,,TEX,1
,,,,,STL,2
,,,,,CLE,2
,,,,,OAK,1
,,,,,LAD,1
,,,,,SD,0
,,,,,CHC,2
,,,,,CLE,2
,,,,,LAA,1
,,,,,SD,0
,,,,,LAD,2
,,,,,PHI,1
,,,,,CLE,1
,,,,,PHI,1
,,,,,WAS,1
,,,,,MIN,1
,,,,,MIN,0
,,,,,KC,2
,,,,,LAA,2
,,,,,CIN,0
,,,,,WAS,1
,,,,,KC,2
,,,,,OAK,1
,,,,,TEX,1
,,,,,TB,0
,,,,,TB,0
,,,,,STL,1
,,,,,HOU,0
,,,,,PIT,2
,,,,,OAK,1
,,,,,LAA,2
,,,,,MIA,0
,,,,,ATL,1
,,,,,SD,0
,,,,,MIL,0
,,,,,NYY,0
,,,,,ARI,2
,,,,,CHC,2
,,,,,LAD,0
,,,,,MIL,1
,,,,,ARI,1
,,,,,WAS,1
,,,,,NYM,1
,,,,,KC,0
,,,,,KC,1
,,,,,STL,0
,,,,,ATL,1
,,,,,COL,1
,,,,,MIL,2
,,,,,LAD,2
,,,,,CHW,0
,,,,,HOU,2
,,,,,ATL,0
,,,,,CIN,1
,,,,,DET,0
,,,,,ARI,1
,,,,,MIA,2
,,,,,MIL,1
,,,,,TB,1
,,,,,OAK,1
,,,,,MIN,1
,,,,,SF,2
,,,,,CLE,0
,,,,,CHW,2
,,,,,NYY,2
,,,,,TB,1
,,,,,NYM,0
,,,,,MIL,0
,,,,,MIL,0
,,,,,WAS,2
,,,,,SEA,2
,,,,,TEX,2
,,,,,LAA,0
,,,,,HOU,2
,,,,,SEA,1
,,,,,WAS,0
,,,,,MIL,0
,,,,,DET,0
,,,,,CLE,2
,,,,,NYM,1
,,,,,BOS,1
,,,,,NYY,2
,,,,,MIA,1
,,,,,KC,0
,,,,,MIA,0
,,,,,CHW,0
,,,,,STL,0
,,,,,COL,1
,,,,,MIL,0
,,,,,LAD,2
,,,,,HOU,2
,,,,,PHI,2
,,,,,SD,0
,,,,,CIN,1
,,,,,MIL,1
,,,,,MIL,2
,,,,,STL,1
,,,,,TOR,1
,,,,,STL,2
,,,,,WAS,1
,,,,,PIT,0
,,,,,MIN,1
,,,,,ARI,0
,,,,,BOS,0
,,,,,BAL,2
,,,,,PIT,2
,,,,,STL,1
,,,,,PHI,1
,,,,,NYY,1
,,,,,LAD,1
,,,,,CLE,0
,,,,,WAS,1
,,,,,BOS,1
,,,,,OAK,1
,,,,,SEA,0
,,,,,LAA,1
,,,,,TOR,1
,,,,,ATL,2
,,,,,TEX,1
,,,,,PHI,2
,,,,,NYY,0
,,,,,KC,2
,,,,,TEX,1
,,,,,ARI,1
,,,,,MIN,0
,,,,,OAK,0
,,,,,CHW,2
,,,,,BAL,0
,,,,,LAA,0
,,,,,PHI,1
,,,,,WAS,2
,,,,,TOR,0
,,,,,BOS,2
,,,,,TEX,0
,,,,,DET,1
,,,,,ARI,1
,,,,,NYM,0
,,,,,ARI,1
,,,,,DET,0
,,,,,KC,1
,,,,,ARI,1
,,,,,TEX,2
,,,,,MIN,1
,,,,,MIL,0
,,,,,LAD,0
,,,,,MIL,1
,,,,,SD,1
,,,,,LAA,1
,,,,,HOU,1
,,,,,MIL,2
,,,,,MIA,1
,,,,,CLE,2
,,,,,TB,2
,,,,,WAS,0
,,,,,CIN,1
,,,,,LAA,0
,,,,,BAL,2
,,,,,TB,0
,,,,,OAK,0
,,,,,CLE,2
,,,,,COL,0
,,,,,ATL,0
,,,,,LAA,1
,,,,,PHI,0
,,,,,ARI,0
,,,,,ARI,0
,,,,,CIN,0
,,,,,CHW,0
,,,,,PHI,1
,,,,,PIT,0
,,,,,STL,2
,,,,,CHW,0
,,,,,DET,0
,,,,,CHC,0
,,,,,HOU,1
,,,,,WAS,2
,,,,,CIN,0
,,,,,ARI,0
,,,,,OAK,0
,,,,,MIA,2
,,,,,CHC,2
,,,,,WAS,2
,,,,,HOU,2
,,,,,CIN,2
,,,,,HOU,0
,,,,,BOS,0
,,,,,TEX,1
,,,,,PIT,0
,,,,,CIN,1
,,,,,TB,1
,,,,,KC,1
,,,,,SD,0
,,,,,PHI,2
,,,,,TOR,2
,,,,,CIN,2
,,,,,ATL,0
,,,,,SF,2
,,,,,SF,1
,,,,,PIT,2
,,,,,MIN,2
,,,,,CHC,0
,,,,,OAK,0
,,,,,TEX,0
,,,,,SEA,0
,,,,,BOS,1
,,,,,TB,1
,,,,,NYM,1
,,,,,OAK,0
,,,,,LAD,0
,,,,,ATL,0
,,,,,CLE,2
,,,,,OAK,2
,,,,,TB,0
,,,,,MIL,1
,,,,,OAK,1
,,,,,MIA,0
,,,,,CLE,0
,,,,,MIA,0
,,,,,CHW,1
,,,,,NYM,0
,,,,,COL,2
,,,,,LAA,2
,,,,,DET,1
,,,,,COL,2
,,,,,CHW,1
,,,,,OAK,1
,,,,,BAL,0
,,,,,WAS,0
,,,,,ARI,0
,,,,,CIN,1
,,,,,STL,1
,,,,,MIN,1
,,,,,MIL,0
,,,,,CLE,0
,,,,,TEX,1
,,,,,BOS,2
,,,,,BOS,2
,,,,,CHW,1
,,,,,COL,1
,,,,,HOU,2
,,,,,ATL,1
,,,,,ATL,0
,,,,,WAS,1
,,,,,OAK,1
,,,,,WAS,2
,,,,,SF,2
,,,,,KC,0
,,,,,BOS,2
,,,,,MIN,0
,,,,,PIT,0
,,,,,NYY,2
,,,,,CHC,2
,,,,,TEX,2
,,,,,ATL,2
,,,,,CHW,1
,,,,,MIA,1
,,,,,DET,0
,,,,,NYM,2
,,,,,ATL,2
,,,,,BOS,2
,,,,,NYY,0
,,,,,LAD,0
,,,,,WAS,1
,,,,,SF,1
,,,,,ARI,1
,,,,,CIN,2
,,,,,ATL,1
,,,,,NYM,0
,,,,,BAL,2
,,,,,PIT,2
,,,,,ARI,0
,,,,,TB,0
,,,,,DET,2
,,,,,WAS,2
,,,,,BOS,2
,,,,,WAS,1
,,,,,KC,2
,,,,,DET,1
,,,,,CIN,0
,,,,,DET,2
,,,,,LAA,0
,,,,,CHW,1
,,,,,NYM,0
,,,,,LAD,2
,,,,,OAK,0
,,,,,WAS,0
,,,,,TEX,0
,,,,,MIA,1
,,,,,WAS,2
,,,,,SEA,1
,,,,,HOU,0
,,,,,ARI,2
,,,,,LAA,0
,,,,,SD,0
,,,,,PHI,0
,,,,,BAL,1
,,,,,OAK,0
,,,,,PHI,0
,,,,,TEX,1
,,,,,CIN,0
,,,,,NYM,2
,,,,,TOR,2
,,,,,OAK,2
,,,,,HOU,2
,,,,,MIA,1
,,,,,CHW,1
,,,,,CLE,2
,,,,,CLE,2
,,,,,WAS,0
,,,,,CHW,1
,,,,,TOR,1
,,,,,OAK,0
,,,,,STL,1
,,,,,COL,2
,,,,,SEA,0
,,,,,WAS,0
,,,,,SD,1
,,,,,TEX,2
,,,,,CLE,1
,,,,,LAD,1
,,,,,SD,0
,,,,,HOU,0
,,,,,NYY,0
,,,,,DET,2
,,,,,MIA,0
,,,,,CHC,1
,,,,,BOS,0
,,,,,TEX,1
,,,,,DET,1
,,,,,ARI,0
,,,,,SEA,0
,,,,,CIN,1
,,,,,SF,2
,,,,,MIA,1
,,,,,ARI,0
,,,,,STL,2
,,,,,PHI,1
,,,,,ATL,1
,,,,,BAL,2
,,,,,SD,1
,,,,,BOS,1
,,,,,BAL,0
,,,,,PHI,0
,,,,,PHI,1
,,,,,DET,1
,,,,,CHW,2
,,,,,CLE,1
,,,,,ARI,2
,,,,,SD,2
,,,,,CHW,1
,,,,,ARI,1
,,,,,NYM,2
,,,,,CLE,1
,,,,,COL,0
,,,,,CHC,0
,,,,,TEX,2
,,,,,CHC,2
,,,,,COL,1
,,,,,CHC,1
,,,,,DET,1
,,,,,MIN,1
,,,,,ATL,2
,,,,,SD,0
,,,,,ARI,2
,,,,,DET,2
,,,,,CHW,2
,,,,,OAK,1
,,,,,KC,0
,,,,,CHW,0
,,,,,CIN,2
,,,,,COL,1
,,,,,NYM,0
,,,,,CHW,0
,,,,,SD,2
,,,,,WAS,2
,,,,,WAS,1
,,,,,OAK,1
,,,,,BOS,2
,,,,,HOU,0
,,,,,PHI,1
,,,,,CHW,1
,,,,,HOU,0
,,,,,ATL,1
,,,,,TOR,2
,,,,,BAL,2
,,,,,WAS,0
,,,,,ATL,0
,,,,,OAK,1
,,,,,MIA,1
,,,,,CHC,2
,,,,,LAA,1
,,,,,LAA,2
,,,,,SEA,2
,,,,,LAD,0
,,,,,COL,0
,,,,,WAS,2
,,,,,CHW,2
,,,,,BOS,0
,,,,,PHI,2
,,,,,TOR,1
,,,,,LAD,0
,,,,,LAD,0
,,,,,STL,2
,,,,,DET,2
,,,,,CHC,0
,,,,,BAL,2
,,,,,CLE,0
,,,,,MIL,2
,,,,,TB,2
,,,,,CIN,2
,,,,,OAK,2
,,,,,BAL,0
,,,,,NYY,0
,,,,,MIN,2
,,,,,OAK,1
,,,,,SF,1
,,,,,MIA,2
,,,,,MIA,0
,,,,,ARI,1
,,,,,PHI,0
,,,,,NYY,0
,,,,,MIL,2
,,,,,CHC,0
,,,,,SD,1
,,,,,LAA,0
,,,,,DET,1
,,,,,TEX,0
,,,,,MIA,0
,,,,,DET,1
,,,,,MIN,0
,,,,,LAD,2
,,,,,BAL,2
,,,,,DET,2
,,,,,ATL,1
,,,,,DET,2
,,,,,CHC,2
,,,,,COL,0
,,,,,CHC,2
,,,,,MIA,1
,,,,,CHC,2
,,,,,CIN,0
,,,,,PHI,2
,,,,,TOR,2
,,,,,CLE,1
,,,,,COL,2
,,,,,OAK,2
,,,,,TOR,1
,,,,,TEX,1
,,,,,CLE,0
,,,,,WAS,0
,,,,,LAA,2
,,,,,SEA,0
,,,,,NYM,1
,,,,,BAL,2
,,,,,WAS,1
,,,,,ARI,1
,,,,,KC,1
,,,,,KC,0
,,,,,ARI,2
,,,,,KC,0
,,,,,MIN,2
,,,,,LAA,1
,,,,,DET,0
,,,,,MIL,1
,,,,,PHI,2
,,,,,CHW,1
,,,,,MIN,2
,,,,,TOR,2
,,,,,SF,1
,,,,,MIL,1
,,,,,HOU,2
,,,,,MIN,2
,,,,,SD,1
,,,,,OAK,2
,,,,,CIN,1
,,,,,SEA,0
,,,,,KC,2
,,,,,DET,2
,,,,,CHC,0
,,,,,KC,0
,,,,,PIT,1
,,,,,TEX,0
,,,,,TOR,1
,,,,,MIL,0
,,,,,TOR,2
,,,,,TOR,0
,,,,,LAA,2
,,,,,CLE,0
,,,,,NYY,0
,,,,,TEX,0
,,,,,PIT,0
,,,,,BOS,0
,,,,,CHC,1
,,,,,CHC,2
,,,,,BOS,0
,,,,,LAA,0
,,,,,MIL,0
,,,,,CLE,2
,,,,,OAK,0
,,,,,TEX,2
,,,,,MIL,2
,,,,,CHW,0
,,,,,ATL,1
,,,,,NYM,2
,,,,,BAL,2
,,,,,ARI,1
,,,,,BOS,2
,,,,,SF,0
,,,,,LAA,2
,,,,,TOR,1
,,,,,CHC,1
,,,,,BAL,0
,,,,,TEX,0
,,,,,KC,0
,,,,,LAD,1
,,,,,WAS,0
,,,,,HOU,1
,,,,,ARI,1
,,,,,TEX,1
,,,,,CHC,1
,,,,,CHW,1
,,,,,HOU,1
,,,,,ATL,0
,,,,,MIA,2
,,,,,PHI,0
,,,,,BAL,1
,,,,,MIN,0
,,,,,MIN,0
,,,,,OAK,2
,,,,,SD,1
,,,,,NYY,2
,,,,,LAA,2
,,,,,PHI,2
,,,,,CLE,1
,,,,,WAS,0
,,,,,PHI,0
,,,,,CIN,2
,,,,,MIL,0
,,,,,DET,1
,,,,,ARI,0
,,,,,MIL,2
,,,,,BAL,1
,,,,,NYY,2
,,,,,PIT,0
,,,,,BAL,1
,,,,,PHI,1
,,,,,LAD,1
,,,,,MIL,2
,,,,,TEX,0
,,,,,OAK,0
,,,,,MIA,0
,,,,,CLE,1
,,,,,SEA,0
,,,,,MIN,2
,,,,,LAD,0
,,,,,MIN,0
,,,,,ATL,1
,,,,,ATL,2
,,,,,NYY,1
,,,,,TOR,2
,,,,,STL,1
,,,,,MIL,1
,,,,,LAA,1
,,,,,CLE,1
,,,,,LAD,0
,,,,,CLE,2
,,,,,STL,1
,,,,,TEX,0
,,,,,LAA,1
,,,,,TB,0
,,,,,SEA,0
,,,,,NYM,2
,,,,,WAS,1
,,,,,MIL,2
,,,,,NYY,0
,,,,,SD,0
,,,,,SF,1
,,,,,SEA,1
,,,,,HOU,0
,,,,,BOS,2
,,,,,OAK,2
,,,,,BOS,0
,,,,,PHI,2
,,,,,MIL,1
,,,,,STL,2
,,,,,NYY,0
,,,,,KC,1
,,,,,MIL,0
,,,,,PIT,2
,,,,,SEA,0
,,,,,OAK,2
,,,,,SEA,0
,,,,,CLE,0
,,,,,LAA,2
,,,,,HOU,1
,,,,,TEX,2
,,,,,MIA,1
,,,,,CIN,2
,,,,,PHI,2
,,,,,SF,0
,,,,,SEA,0
,,,,,CHC,1
,,,,,CHW,2
,,,,,PHI,0
,,,,,BOS,0
,,,,,KC,1
,,,,,KC,0
,,,,,TEX,2
,,,,,COL,0
,,,,,PIT,0
,,,,,ARI,0
,,,,,WAS,2
,,,,,TEX,1
,,,,,MIL,1
,,,,,COL,2
,,,,,LAA,0
,,,,,PHI,2
,,,,,COL,1
,,,,,KC,2
,,,,,SEA,1
,,,,,PHI,2
,,,,,PHI,2
,,,,,CHC,1
,,,,,PIT,0
,,,,,HOU,0
,,,,,MIA,1
,,,,,SF,2
,,,,,MIN,2
,,,,,BOS,1
,,,,,DET,2
,,,,,SF,0
,,,,,CHW,1
,,,,,MIA,1
,,,,,CHC,1
,,,,,LAD,2
,,,,,TEX,2
,,,,,LAA,1
,,,,,WAS,2
,,,,,SF,1
,,,,,SD,0
,,,,,TOR,2
,,,,,HOU,0
,,,,,COL,2
,,,,,MIN,2
,,,,,SEA,0
,,,,,CLE,1
,,,,,SF,1
,,,,,MIN,0
,,,,,BOS,2
,,,,,DET,1
,,,,,OAK,1
,,,,,LAD,2
,,,,,CHW,2
,,,,,LAA,1
,,,,,COL,0
,,,,,SD,1
,,,,,PHI,1
,,,,,MIN,0
,,,,,DET,1
,,,,,MIA,2
,,,,,ATL,2
,,,,,WAS,2
,,,,,NYY,0
,,,,,BOS,0
,,,,,BAL,1
,,,,,LAA,0
,,,,,DET,2
,,,,,CLE,2
,,,,,NYM,2
,,,,,PIT,1
,,,,,LAA,0
,,,,,LAD,2
,,,,,DET,2
,,,,,ATL,0
,,,,,KC,2
,,,,,CHC,1
,,,,,TB,0
,,,,,NYY,2
,,,,,NYY,2
,,,,,MIL,2
,,,,,NYM,1
,,,,,SEA,1
,,,,,LAA,0
,,,,,SD,0
,,,,,KC,2
,,,,,LAA,0
,,,,,TEX,2
,,,,,CHW,1
,,,,,CHW,2
,,,,,CIN,0
,,,,,COL,0
,,,,,CLE,0
,,,,,CHW,0
,,,,,CHW,0
,,,,,LAD,1
,,,,,CHC,1
,,,,,TOR,0
,,,,,SD,0
,,,,,HOU,0
,,,,,SF,2
,,,,,MIA,1
,,,,,ATL,2
,,,,,KC,2
,,,,,CHW,1
,,,,,MIA,1
,,,,,MIA,0
,,,,,CHC,2
,,,,,CLE,2
,,,,,TB,2
,,,,,SEA,2
,,,,,BOS,2
,,,,,SD,1
,,,,,ATL,0
,,,,,SF,0
,,,,,COL,1
,,,,,BAL,2
,,,,,TEX,1
,,,,,CHC,2
,,,,,COL,2
,,,,,KC,2
,,,,,MIL,0
,,,,,MIN,0
,,,,,CHW,0
,,,,,MIN,1
,,,,,TEX,1
,,,,,HOU,1
,,,,,KC,1
,,,,,TEX,0
,,,,,SD,2
,,,,,BAL,2
,,,,,KC,0
,,,,,SF,0
,,,,,CHW,2
,,,,,CHC,0
,,,,,COL,1
,,,,,DET,2
,,,,,LAA,1
,,,,,PHI,1
,,,,,ARI,0
,,,,,SEA,2
,,,,,OAK,0
,,,,,PHI,0
,,,,,MIN,0
,,,,,MIN,1
,,,,,OAK,1
,,,,,TOR,0
,,,,,PHI,1
,,,,,SEA,0
,,,,,BAL,0
,,,,,BAL,2
,,,,,PIT,2
,,,,,NYM,2
,,,,,NYM,0
,,,,,STL,0
,,,,,ATL,0
,,,,,CHC,1
,,,,,MIA,0
,,,,,KC,2
,,,,,CHW,1
,,,,,ATL,2
,,,,,STL,2
,,,,,COL,1
,,,,,LAA,2
,,,,,CIN,1
,,,,,LAA,0
,,,,,NYY,0
,,,,,SEA,0
,,,,,NYM,1
,,,,,SD,0
,,,,,SF,2
,,,,,TOR,1
,,,,,CHC,1
,,,,,MIL,0
,,,,,HOU,0
,,,,,ARI,2
,,,,,CIN,1
,,,,,LAD,1
,,,,,LAD,2
,,,,,CLE,0
,,,,,LAD,2
,,,,,ATL,0
,,,,,WAS,1
,,,,,NYM,1
,,,,,WAS,1
,,,,,CHC,0
,,,,,TEX,1
,,,,,MIN,0
,,,,,KC,1
,,,,,COL,1
,,,,,TB,1
,,,,,NYM,1
,,,,,MIN,0
,,,,,WAS,1
,,,,,LAD,0
,,,,,DET,0
,,,,,CHC,2
,,,,,CIN,1
,,,,,CIN,1
,,,,,DET,0
,,,,,SD,2
,,,,,KC,2
,,,,,LAA,1
,,,,,WAS,2
,,,,,TEX,1
,,,,,BOS,2
,,,,,MIL,2
,,,,,CHC,1
,,,,,NYY,0
,,,,,MIN,2
,,,,,PHI,1
,,,,,CHW,2
,,,,,LAA,0
,,,,,COL,0
,,,,,SD,0
,,,,,NYY,2
,,,,,LAA,0
,,,,,ATL,2
,,,,,ARI,1
,,,,,HOU,0
,,,,,COL,1
,,,,,CIN,1
,,,,,CLE,2
,,,,,BAL,1
,,,,,MIN,0
,,,,,SD,2
,,,,,COL,0
,,,,,SD,1
,,,,,ARI,2
,,,,,SF,2
,,,,,CHW,2
,,,,,LAA,0
,,,,,WAS,0
,,,,,MIL,0
,,,,,TOR,1
,,,,,SEA,1
,,,,,SF,2
,,,,,CIN,1
,,,,,KC,1
,,,,,PIT,0
,,,,,ATL,1
,,,,,MIN,0
,,,,,CLE,2
,,,,,ARI,2
,,,,,CLE,1
,,,,,CHW,2
,,,,,ATL,2
,,,,,MIL,2
,,,,,CHC,2
,,,,,KC,0
,,,,,COL,2
,,,,,CHC,0
,,,,,LAD,0
,,,,,PIT,2
,,,,,NYM,1
,,,,,DET,2
,,,,,MIL,1
,,,,,CLE,0
,,,,,WAS,1
,,,,,MIL,2
,,,,,KC,0
,,,,,TOR,2
,,,,,PIT,1
,,,,,CHC,1
,,,,,COL,1
,,,,,NYY,1
,,,,,OAK,2
,,,,,TOR,2
,,,,,SEA,0
,,,,,OAK,0
,,,,,TOR,2
,,,,,MIN,1
,,,,,NYY,2
,,,,,LAD,1
,,,,,PIT,1
,,,,,MIA,1
,,,,,SF,1
,,,,,STL,1
,,,,,WAS,1
,,,,,TEX,1
,,,,,SF,2
,,,,,SD,1
,,,,,PHI,1
,,,,,NYY,1
,,,,,SD,0
,,,,,WAS,2
,,,,,HOU,1
,,,,,NYY,1
,,,,,CLE,2
,,,,,TOR,2
,,,,,ARI,2
,,,,,MIA,0
,,,,,DET,0
,,,,,ARI,0
,,,,,MIA,1
,,,,,SD,2
,,,,,CLE,1
,,,,,CHC,2
,,,,,DET,2
,,,,,CHW,2
,,,,,COL,1
,,,,,DET,0
,,,,,NYM,0
,,,,,SEA,0
,,,,,WAS,0
,,,,,BAL,1
,,,,,COL,1
,,,,,NYM,1
,,,,,WAS,0
,,,,,BOS,2
,,,,,TB,0
,,,,,MIN,2
,,,,,MIA,2
,,,,,SEA,2
,,,,,MIA,1
,,,,,WAS,0
,,,,,PHI,0
,,,,,PHI,1
,,,,,PHI,0
,,,,,TEX,1
,,,,,BAL,1
,,,,,CHC,0
,,,,,BAL,2
,,,,,TB,0
,,,,,PIT,1
,,,,,LAD,1
,,,,,MIA,1
,,,,,HOU,1
,,,,,MIL,1
,,,,,BAL,0
,,,,,CHW,1
,,,,,ARI,0
,,,,,DET,2
,,,,,WAS,2
,,,,,STL,1
,,,,,STL,1
,,,,,NYM,1
,,,,,SEA,2
,,,,,NYM,0
,,,,,SF,0
,,,,,TEX,2
,,,,,HOU,2
,,,,,LAA,0
,,,,,KC,1
,,,,,CIN,0
,,,,,MIL,0
,,,,,WAS,0
,,,,,LAA,2
,,,,,SF,0
,,,,,BAL,2
,,,,,NYM,2
,,,,,HOU,1
,,,,,KC,2
,,,,,SEA,1
,,,,,CHW,1
,,,,,CHW,0
,,,,,HOU,0
,,,,,TEX,2
,,,,,ARI,0
,,,,,NYY,2
,,,,,DET,0
,,,,,SF,0
,,,,,SD,1
,,,,,BAL,1
,,,,,NYY,1
,,,,,KC,2
,,,,,SF,0
,,,,,DET,1
,,,,,TOR,2
,,,,,SEA,1
,,,,,SD,1
,,,,,SEA,2
,,,,,PIT,1
,,,,,CIN,0
,,,,,OAK,0
,,,,,COL,1
,,,,,CLE,0
,,,,,CHW,0
,,,,,MIA,2
,,,,,ATL,0
,,,,,BOS,2
,,,,,OAK,1
,,,,,TEX,0
,,,,,NYM,0
,,,,,CHW,2
,,,,,HOU,0
,,,,,PHI,1
,,,,,CHW,1
,,,,,MIN,1
,,,,,CLE,1
,,,,,CHW,1
,,,,,MIL,1
,,,,,BAL,1
,,,,,PIT,1
,,,,,CLE,1
,,,,,NYM,1
,,,,,SEA,0
,,,,,TB,2
,,,,,LAD,0
,,,,,SEA,1
,,,,,WAS,0
,,,,,CHC,1
,,,,,BAL,0
,,,,,MIA,2
,,,,,SD,2
,,,,,SF,1
,,,,,CHW,0
,,,,,DET,2
,,,,,CLE,2
,,,,,TOR,2
,,,,,TOR,2
,,,,,TOR,2
,,,,,BOS,2
,,,,,SEA,1
,,,,,SEA,2
,,,,,SD,2
,,,,,TB,0
,,,,,TEX,0
,,,,,ATL,1
,,,,,MIA,2
,,,,,NYY,1
,,,,,BOS,2
,,,,,OAK,0
,,,,,BOS,0
,,,,,SEA,2
,,,,,OAK,1
,,,,,OAK,1
,,,,,MIL,2
,,,,,SD,2
,,,,,MIL,0
,,,,,LAD,2
,,,,,OAK,1
,,,,,NYY,1
,,,,,WAS,0
,,,,,HOU,0
,,,,,MIN,1
,,,,,MIN,2
,,,,,DET,2
,,,,,LAD,2
,,,,,DET,2
,,,,,KC,0
,,,,,PHI,1
,,,,,CHW,2
,,,,,MIA,2
,,,,,PHI,0
,,,,,BAL,0
,,,,,TEX,1
,,,,,KC,0
,,,,,MIN,2
,,,,,WAS,0
,,,,,MIN,2
,,,,,PHI,0
,,,,,STL,0
,,,,,TOR,0
,,,,,PHI,0
,,,,,NYY,2
,,,,,SF,2
,,,,,CHW,2
,,,,,COL,0
,,,,,COL,1
,,,,,TOR,0
,,,,,PIT,2
,,,,,SF,2
,,,,,PHI,0
,,,,,STL,2
,,,,,MIL,2
,,,,,COL,1
,,,,,MIA,0
,,,,,TB,2
,,,,,CHW,2
,,,,,MIL,1
,,,,,MIN,2
,,,,,TEX,0
,,,,,MIN,2
,,,,,TB,2
,,,,,LAD,2
,,,,,HOU,0
,,,,,CLE,0
,,,,,NYY,2
,,,,,MIA,2
,,,,,MIA,2
,,,,,BOS,0
,,,,,CHW,2
,,,,,MIN,1
,,,,,STL,1
,,,,,PHI,1
,,,,,OAK,1
,,,,,PIT,0
,,,,,OAK,2
,,,,,OAK,2
,,,,,MIL,0
,,,,,PIT,1
,,,,,HOU,1
,,,,,HOU,1
,,,,,HOU,2
,,,,,BOS,1
,,,,,PIT,1
,,,,,SD,2
,,,,,STL,2
,,,,,TEX,2
,,,,,NYM,0
,,,,,TOR,0
,,,,,CIN,0
,,,,,PIT,0
,,,,,CLE,2
,,,,,COL,1
,,,,,TB,2
,,,,,SF,2
,,,,,MIL,0
,,,,,STL,2
,,,,,BAL,2
,,,,,TOR,2
,,,,,NYY,1
,,,,,LAD,1
,,,,,ARI,1
,,,,,COL,2
,,,,,NYY,1
,,,,,MIN,0
,,,,,TB,2
,,,,,STL,1
,,,,,TOR,2
,,,,,STL,2
,,,,,TOR,2
,,,,,SF,1
,,,,,KC,0
,,,,,ARI,0
,,,,,TB,0
,,,,,BAL,1
,,,,,CHC,2
,,,,,SF,0
,,,,,CHW,1
,,,,,WAS,2
,,,,,COL,0
,,,,,TOR,2
,,,,,NYM,0
,,,,,CIN,1
,,,,,WAS,2
,,,,,DET,0
,,,,,DET,1
,,,,,CHW,0
,,,,,DET,0
,,,,,TOR,0
,,,,,NYY,2
,,,,,ATL,0
,,,,,ARI,0
,,,,,NYM,0
,,,,,KC,2
,,,,,ARI,2
,,,,,BAL,2
,,,,,TB,2
,,,,,MIN,1
,,,,,PHI,2
,,,,,CIN,1
,,,,,ATL,0
,,,,,HOU,2
,,,,,DET,0
,,,,,KC,0
,,,,,ARI,2
,,,,,TEX,2
,,,,,SF,1
,,,,,ATL,1
,,,,,SD,0
,,,,,WAS,2
,,,,,TEX,1
,,,,,LAA,2
,,,,,KC,1
,,,,,KC,0
,,,,,PHI,1
,,,,,LAA,0
,,,,,HOU,0
,,,,,STL,0
,,,,,NYM,2
,,,,,CHC,2
,,,,,CHW,1
,,,,,DET,2
,,,,,CHC,0
,,,,,HOU,1
,,,,,SF,2
,,,,,TOR,1
,,,,,BAL,1
,,,,,PHI,2
,,,,,TOR,0
,,,,,LAD,2
,,,,,SEA,0
,,,,,LAA,1
,,,,,PIT,1
,,,,,CHW,1
,,,,,MIL,2
,,,,,TB,2
,,,,,DET,2
,,,,,SF,2
,,,,,BAL,2
,,,,,BOS,1
,,,,,COL,1
,,,,,CLE,2
,,,,,SF,2
,,,,,TEX,2
,,,,,MIN,0
,,,,,BAL,1
,,,,,MIA,1
,,,,,COL,0
,,,,,MIN,1
,,,,,LAD,0
,,,,,COL,0
,,,,,DET,2
,,,,,OAK,1
,,,,,MIL,1
,,,,,PIT,2
,,,,,NYY,1
,,,,,CLE,0
,,,,,TOR,1
,,,,,BOS,0
,,,,,WAS,0
,,,,,MIN,0
,,,,,LAD,2
,,,,,CIN,2
,,,,,KC,1
,,,,,SD,0
,,,,,PIT,2
,,,,,SF,1
,,,,,CHC,0
,,,,,OAK,0
,,,,,CIN,0
,,,,,BOS,0
,,,,,WAS,2
,,,,,TB,2
,,,,,TOR,2
,,,,,TEX,2
,,,,,MIL,0
,,,,,CIN,2
,,,,,DET,1
,,,,,NYM,2
,,,,,BAL,2
,,,,,CHW,2
,,,,,OAK,0
,,,,,LAA,2
,,,,,ARI,0
,,,,,SEA,2
,,,,,NYY,1
,,,,,KC,0
,,,,,COL,2
,,,,,BAL,1
,,,,,OAK,1
,,,,,NYY,2
,,,,,TB,1
,,,,,NYY,2
,,,,,SEA,1
,,,,,CIN,0
,,,,,ATL,0
,,,,,SF,1
,,,,,STL,1
,,,,,NYM,1
,,,,,PHI,2
,,,,,PIT,2
,,,,,ATL,0
,,,,,ATL,1
,,,,,DET,0
,,,,,PHI,2
,,,,,BAL,2
,,,,,KC,0
,,,,,SEA,0
,,,,,CIN,2
,,,,,TEX,0
,,,,,CHW,0
,,,,,PIT,2
,,,,,BOS,0
,,,,,ATL,2
,,,,,OAK,1
,,,,,SF,0
,,,,,COL,1
,,,,,NYM,2
,,,,,ATL,2
,,,,,MIA,0
,,,,,NYY,1
,,,,,MIN,2
,,,,,NYM,1
,,,,,SF,2
,,,,,COL,2
,,,,,CIN,1
,,,,,ARI,0
,,,,,MIL,0
,,,,,PIT,0
,,,,,BAL,0
,,,,,CLE,1
,,,,,SD,2
,,,,,MIA,1
,,,,,KC,0
,,,,,SEA,1
,,,,,SD,2
,,,,,NYM,2
,,,,,TOR,2
,,,,,BOS,0
,,,,,SD,1
,,,,,ATL,0
,,,,,SF,0
,,,,,LAD,0
,,,,,MIL,0
,,,,,MIL,2
,,,,,TB,1
,,,,,HOU,0
,,,,,WAS,0
,,,,,CLE,2
,,,,,MIA,1
,,,,,MIN,0
,,,,,LAD,1
,,,,,PHI,0
,,,,,SEA,1
,,,,,LAA,1
,,,,,LAD,2
,,,,,CHW,1
,,,,,TOR,1
,,,,,TB,2
,,,,,PIT,2
,,,,,TOR,1
,,,,,DET,1
,,,,,TOR,0
,,,,,NYY,2
,,,,,SD,2
,,,,,MIN,1
,,,,,CHW,1
,,,,,MIL,1
,,,,,DET,2
,,,,,STL,0
,,,,,MIN,0
,,,,,SD,0
,,,,,WAS,0
,,,,,WAS,1
,,,,,NYM,1
,,,,,MIA,2
,,,,,KC,0
,,,,,DET,0
,,,,,HOU,0
,,,,,SEA,1
,,,,,MIL,0
,,,,,SF,0
,,,,,KC,2
,,,,,ARI,2
,,,,,BOS,2
,,,,,CHW,2
,,,,,PHI,1
,,,,,SEA,2
,,,,,SEA,2
,,,,,STL,1
,,,,,STL,1
,,,,,LAA,0
,,,,,PHI,2
,,,,,COL,2
,,,,,CIN,1
,,,,,WAS,1
,,,,,BAL,0
,,,,,MIL,1
,,,,,LAA,1
,,,,,DET,2
,,,,,MIL,0
,,,,,BAL,2
,,,,,CIN,2
,,,,,CHC,1
,,,,,BOS,0
,,,,,STL,0
,,,,,MIA,1
,,,,,MIA,0
,,,,,LAD,0
,,,,,COL,0
,,,,,COL,1
,,,,,CHC,2
,,,,,SF,2
,,,,,ARI,1
,,,,,CIN,2
,,,,,ATL,1
,,,,,CLE,0
,,,,,LAA,2
,,,,,NYM,0
,,,,,BAL,0
,,,,,STL,0
,,,,,TB,2
,,,,,STL,2
,,,,,CLE,1
,,,,,NYY,2
,,,,,BAL,0
,,,,,MIL,0
,,,,,SD,2
,,,,,OAK,1
,,,,,SF,0
,,,,,NYY,0
,,,,,ATL,2
,,,,,CLE,2
,,,,,ARI,0
,,,,,OAK,2
,,,,,WAS,1
,,,,,MIL,0
,,,,,MIN,0
,,,,,NYY,2
,,,,,ATL,2
,,,,,BOS,2
,,,,,SEA,1
,,,,,BAL,2
,,,,,NYY,0
,,,,,LAD,1
,,,,,STL,1
,,,,,HOU,0
,,,,,CHC,2
,,,,,WAS,2
,,,,,COL,2
,,,,,PHI,2
,,,,,STL,2
,,,,,PIT,1
,,,,,CHC,0
,,,,,HOU,1
,,,,,MIL,1
,,,,,KC,2
,,,,,COL,2
,,,,,HOU,0
,,,,,CHC,2
,,,,,BAL,1
,,,,,TB,1
,,,,,CHC,2
,,,,,MIA,0
,,,,,HOU,1
,,,,,SD,2
,,,,,SEA,0
,,,,,CHW,0
,,,,,WAS,0
,,,,,DET,1
,,,,,PIT,0
,,,,,LAD,2
,,,,,MIN,1
,,,,,CIN,2
,,,,,PHI,1
,,,,,DET,2
,,,,,BOS,0
,,,,,LAA,0
,,,,,BOS,1
,,,,,ARI,0
,,,,,SEA,2
,,,,,SD,2
,,,,,BOS,0
,,,,,SEA,2
,,,,,NYY,1
,,,,,KC,1
,,,,,ATL,0
,,,,,CLE,2
,,,,,NYY,2
,,,,,BOS,2
,,,,,NYY,0
,,,,,SD,0
,,,,,CHW,1
,,,,,CLE,0
,,,,,LAD,1
,,,,,TB,2
,,,,,NYY,2
,,,,,ATL,0
,,,,,ARI,1
,,,,,SEA,1
,,,,,DET,1
,,,,,NYY,2
,,,,,CHW,0
,,,,,TB,0
,,,,,ATL,1
,,,,,MIN,0
,,,,,BAL,1
,,,,,MIA,1
,,,,,TB,2
,,,,,MIN,0
,,,,,BOS,0
,,,,,NYM,2
,,,,,OAK,1
,,,,,NYM,0
,,,,,ATL,2
,,,,,SD,1
,,,,,HOU,1
,,,,,ATL,0
,,,,,STL,2
,,,,,SD,1
,,,,,NYY,1
,,,,,MIL,1
,,,,,TB,2
,,,,,HOU,2
,,,,,SF,2
,,,,,COL,2
,,,,,TB,1
,,,,,ATL,0
,,,,,LAA,2
,,,,,NYM,2
,,,,,LAD,0
,,,,,ATL,2
,,,,,CLE,0
,,,,,TEX,2
,,,,,SD,0
,,,,,BOS,1
,,,,,COL,0
,,,,,PIT,1
,,,,,CLE,1
,,,,,SD,2
,,,,,CHC,2
,,,,,CLE,1
,,,,,CIN,0
,,,,,BAL,0
,,,,,NYM,0
,,,,,STL,1
,,,,,CIN,0
,,,,,MIL,0
,,,,,LAD,1
,,,,,NYM,2
,,,,,TOR,2
,,,,,BOS,0
,,,,,COL,2
,,,,,SEA,2
,,,,,LAA,1
,,,,,SEA,2
,,,,,OAK,0
,,,,,TEX,1
,,,,,PIT,1
,,,,,TEX,0
,,,,,NYM,2
,,,,,COL,2
,,,,,BOS,1
,,,,,NYM,2
,,,,,BOS,1
,,,,,BAL,2
,,,,,LAA,1
,,,,,NYY,1
,,,,,MIL,1
,,,,,LAA,0
,,,,,CIN,1
,,,,,TB,2
,,,,,PIT,2
,,,,,MIA,0
,,,,,HOU,0
,,,,,CLE,0
,,,,,WAS,0
,,,,,PIT,2
,,,,,TB,0
,,,,,CLE,0
,,,,,PIT,2
,,,,,CLE,2
,,,,,LAA,2
,,,,,ARI,2
,,,,,TEX,1
,,,,,WAS,0
,,,,,TB,0
,,,,,CIN,2
,,,,,MIN,0
,,,,,COL,1
,,,,,OAK,0
,,,,,MIN,0
,,,,,CHW,0
,,,,,STL,0
,,,,,CIN,1
,,,,,LAA,1
,,,,,TEX,2
,,,,,OAK,2
,,,,,CHW,2
,,,,,COL,1
,,,,,CHC,0
,,,,,OAK,2
,,,,,CHW,0
,,,,,SD,2
,,,,,LAA,1
,,,,,ATL,1
,,,,,SD,2
,,,,,BOS,2
,,,,,LAA,0
,,,,,CIN,1
,,,,,BOS,2
,,,,,PHI,1
,,,,,BOS,2
,,,,,NYY,2
,,,,,SF,1
,,,,,CHC,0
,,,,,BOS,0
,,,,,HOU,0
,,,,,MIL,0
,,,,,CIN,1
,,,,,COL,2
,,,,,SEA,0
,,,,,ATL,2
,,,,,MIA,1
,,,,,PIT,1
,,,,,BAL,1
,,,,,MIL,2
,,,,,PIT,2
,,,,,LAD,0
,,,,,PIT,2
,,,,,NYY,2
,,,,,SF,1
,,,,,STL,2
,,,,,MIL,2
,,,,,KC,1
,,,,,TB,1
,,,,,LAA,2
,,,,,CHC,1
,,,,,BOS,1
,,,,,NYY,2
,,,,,BAL,2
,,,,,TB,2
,,,,,MIA,1
,,,,,MIA,1
,,,,,ATL,0
,,,,,STL,2
,,,,,SF,0
,,,,,CIN,1
,,,,,CHC,2
,,,,,CHC,1
,,,,,CLE,2
,,,,,TOR,2
,,,,,STL,2
,,,,,DET,0
,,,,,LAA,0
,,,,,LAA,1
,,,,,PHI,0
,,,,,DET,1
,,,,,HOU,0
,,,,,ARI,1
,,,,,PHI,2
,,,,,NYY,0
,,,,,PIT,2
,,,,,BOS,0
,,,,,PHI,1
,,,,,ATL,2
,,,,,MIA,1
,,,,,PHI,2
,,,,,SD,2
,,,,,BOS,1
,,,,,MIN,0
,,,,,KC,2
,,,,,OAK,1
,,,,,PHI,1
,,,,,HOU,1
,,,,,SD,2
,,,,,CLE,0
,,,,,CHC,1
,,,,,HOU,2
,,,,,TB,1
,,,,,MIN,1
,,,,,DET,0
,,,,,ARI,2
,,,,,CIN,1
,,,,,DET,0
,,,,,STL,1
,,,,,BOS,1
,,,,,SEA,1
,,,,,TOR,1
,,,,,BOS,0
,,,,,COL,2
,,,,,SEA,0
,,,,,MIA,2
,,,,,DET,1
,,,,,HOU,0
,,,,,HOU,2
,,,,,BOS,2
,,,,,BAL,1
,,,,,BAL,1
,,,,,TOR,2
,,,,,STL,1
,,,,,TEX,1
,,,,,MIA,0
,,,,,SF,1
,,,,,BOS,2
,,,,,BOS,0
,,,,,COL,2
,,,,,COL,2
,,,,,CLE,1
,,,,,LAD,0
,,,,,OAK,1
,,,,,ATL,1
,,,,,TB,1
,,,,,STL,0
,,,,,PIT,2
,,,,,DET,2
,,,,,LAA,2
,,,,,TEX,2
,,,,,PHI,2
,,,,,SF,2
,,,,,SF,0
,,,,,BAL,2
,,,,,TB,0
,,,,,ATL,1
,,,,,LAA,2
,,,,,HOU,1
,,,,,TOR,2
,,,,,KC,1
,,,,,MIN,1
,,,,,PIT,1
,,,,,NYM,2
,,,,,TOR,0
,,,,,TB,1
,,,,,KC,2
,,,,,WAS,0
,,,,,PHI,1
,,,,,CIN,2
,,,,,MIN,0
,,,,,HOU,1
,,,,,TOR,1
,,,,,CIN,0
,,,,,SF,0
,,,,,SEA,0
,,,,,TOR,1
,,,,,SEA,0
,,,,,CIN,1
,,,,,WAS,0
,,,,,HOU,1
,,,,,NYY,0
,,,,,HOU,0
,,,,,OAK,1
,,,,,STL,1
,,,,,SD,2
,,,,,MIL,2
,,,,,CIN,1
,,,,,TB,2
,,,,,SF,1
,,,,,MIN,2
,,,,,ARI,0
,,,,,CHW,2
,,,,,SD,1
,,,,,TEX,0
,,,,,OAK,0
,,,,,TB,0
,,,,,CHW,0
,,,,,DET,0
,,,,,TB,0
,,,,,ARI,1
,,,,,HOU,0
,,,,,MIL,1
,,,,,BOS,1
,,,,,PIT,1
,,,,,NYY,0
,,,,,SD,2
,,,,,MIN,2
,,,,,SEA,0
,,,,,LAA,2
,,,,,LAD,0
,,,,,DET,2
,,,,,BAL,2
,,,,,OAK,0
,,,,,STL,1
,,,,,TEX,2
,,,,,NYY,1
,,,,,WAS,0
,,,,,TEX,1
,,,,,DET,1
,,,,,CHC,0
,,,,,PHI,1
,,,,,OAK,1
,,,,,SD,2
,,,,,SD,2
,,,,,HOU,0
,,,,,CHC,1
,,,,,STL,2
,,,,,STL,0
,,,,,NYM,0
,,,,,TEX,2
,,,,,KC,2
,,,,,ATL,2
,,,,,WAS,2
,,,,,HOU,2
,,,,,LAD,0
,,,,,CHW,0
,,,,,LAA,2
,,,,,TEX,1
,,,,,ARI,2
,,,,,LAD,2
,,,,,CLE,1
,,,,,PHI,2
,,,,,CHW,0
,,,,,NYM,2
,,,,,ARI,1
,,,,,TOR,2
,,,,,OAK,1
,,,,,CIN,1
,,,,,SEA,0
,,,,,ARI,1
,,,,,BAL,1
,,,,,WAS,2
,,,,,OAK,2
,,,,,SEA,0
,,,,,TB,1
,,,,,WAS,0
,,,,,SD,0
,,,,,BOS,2
,,,,,ATL,0
,,,,,ATL,0
,,,,,COL,1
,,,,,TB,1
,,,,,HOU,1
,,,,,SEA,1
,,,,,BOS,0
,,,,,COL,1
,,,,,MIN,0
,,,,,CIN,0
,,,,,TOR,0
,,,,,ATL,0
,,,,,TB,0
,,,,,LAD,1
,,,,,TOR,0
,,,,,SEA,0
,,,,,NYM,1
,,,,,NYM,2
,,,,,BOS,0
,,,,,CHW,2
